plot,species,individual,height,sla
1,Dactylis glomerata,1,14.0,13.09672387
1,Dactylis glomerata,2,16.0,20.214326
1,Dactylis glomerata,3,12.0,28.2424812
1,Dactylis glomerata,4,12.0,22.28855721
1,Dactylis glomerata,5,10.0,24.14670659
1,Dactylis glomerata,6,14.0,26.23737374
1,Dactylis glomerata,7,9.0,25.2853598
1,Dactylis glomerata,8,12.0,22.41847826
1,Dactylis glomerata,9,16.0,24.64330413
1,Dactylis glomerata,10,8.0,18.25628548
1,Plantago lagopus,1,4.0,14.65208748
1,Plantago lagopus,2,4.2,15.64516129
1,Plantago lagopus,3,2.0,16.93238043
1,Plantago lagopus,4,4.4,17.1409396
1,Plantago lagopus,5,4.6,15.46829971
1,Plantago lagopus,6,3.2,14.09682081
1,Plantago lagopus,7,3.6,14.90196078
1,Plantago lagopus,8,4.0,20.4432133
1,Plantago lagopus,9,3.8,16.79699248
1,Plantago lagopus,10,4.4,15.57640751
1,Tolpis barbata,1,6.5,27.00808625
1,Tolpis barbata,2,8.0,26.70771757
1,Tolpis barbata,3,6.1,17.48637602
1,Tolpis barbata,4,4.3,32.72727273
1,Tolpis barbata,5,4.8,20.68965517
1,Tolpis barbata,6,3.5,21.87615527
1,Tolpis barbata,7,3.5,20.97014925
1,Tolpis barbata,8,4.5,18.26315789
1,Tolpis barbata,9,5.2,25.5362776
1,Tolpis barbata,10,6.5,25.0
1,Trifolium cherleri,1,4.0,19.82550336
1,Trifolium cherleri,2,5.5,21.59090909
1,Trifolium cherleri,3,2.9,21.05417277
1,Trifolium cherleri,4,3.1,16.65594855
1,Trifolium cherleri,5,3.0,22.51655629
1,Trifolium cherleri,6,5.0,23.47457627
1,Trifolium cherleri,7,2.7,20.27314112
1,Trifolium cherleri,8,2.1,21.43776824
1,Trifolium cherleri,9,3.5,21.13259669
1,Trifolium cherleri,10,3.4,20.42253521
2,Biserrula pelecinus,1,3.6,14.2522
2,Biserrula pelecinus,3,2.1,15.97156
2,Biserrula pelecinus,4,1.7,22.67157
2,Biserrula pelecinus,5,3.1,27.53906
2,Biserrula pelecinus,6,3.8,17.91667
2,Biserrula pelecinus,7,4.1,15.93801
2,Biserrula pelecinus,8,2.3,11.8408
2,Biserrula pelecinus,9,3.7,9.10714
2,Hedypnois cretica,1,4.8,26.75676
2,Hedypnois cretica,2,4.5,28.10127
2,Hedypnois cretica,3,7.2,26.67494
2,Hedypnois cretica,4,4.0,27.65199
2,Hedypnois cretica,5,2.7,28.63636
2,Hedypnois cretica,6,1.9,25.79876
2,Hedypnois cretica,8,3.2,28.51293
2,Hedypnois cretica,9,4.1,32.98507
2,Leontodon taraxacoides,1,2.2,20.43137
2,Leontodon taraxacoides,2,2.5,25.41152
2,Leontodon taraxacoides,5,3.1,23.46829
2,Leontodon taraxacoides,6,3.2,27.59834
2,Leontodon taraxacoides,7,0.8,42.80851
2,Leontodon taraxacoides,8,3.0,23.98097
2,Leontodon taraxacoides,9,2.8,24.20657
2,Leontodon taraxacoides,10,2.5,21.17981
2,Plantago lagopus,1,3.5,13.24074
2,Plantago lagopus,3,3.5,15.50265
2,Plantago lagopus,4,4.0,14.08629
2,Plantago lagopus,5,6.0,15.84665
2,Plantago lagopus,7,3.5,22.25073
2,Plantago lagopus,10,4.0,13.81137
2,Rumex acetosella,1,1.5,15.10324
2,Rumex acetosella,2,8.0,12.83761
2,Rumex acetosella,3,6.0,12.56262
2,Rumex acetosella,5,2.4,21.06383
2,Rumex acetosella,6,4.0,12.20259
2,Rumex acetosella,8,3.0,11.25899
2,Trifolium cherleri,1,3.2,16.80284
2,Trifolium cherleri,2,4.5,21.95205
2,Trifolium cherleri,3,5.0,17.38176
2,Trifolium cherleri,4,3.2,16.48045
2,Trifolium cherleri,5,4.0,19.72376
2,Trifolium cherleri,6,2.2,20.48433
2,Trifolium cherleri,7,4.1,17.31544
2,Trifolium cherleri,8,4.5,14.89583
2,Trifolium cherleri,9,4.1,17.26776
2,Trifolium cherleri,10,4.2,17.25714
3,Anthyllis lotoides,2,5.0,15.5322
3,Anthyllis lotoides,4,4.0,17.20257
3,Anthyllis lotoides,5,7.0,13.31726
3,Anthyllis lotoides,6,6.5,14.7943
3,Anthyllis lotoides,7,7.0,14.75452
3,Anthyllis lotoides,8,12.0,16.44573
3,Anthyllis lotoides,9,2.0,14.16309
3,Anthyllis lotoides,10,6.5,10.41356
3,Centaurea sp,1,8.0,11.2175
3,Centaurea sp,2,9.0,12.15267
3,Centaurea sp,3,9.0,13.17506
3,Centaurea sp,4,7.0,13.91015
3,Dactylis glomerata,1,4.5,33.06859
3,Dactylis glomerata,2,8.5,23.57011
3,Dactylis glomerata,3,8.0,21.85567
3,Dactylis glomerata,4,10.5,31.22024
3,Dactylis glomerata,5,12.0,24.30348
3,Dactylis glomerata,6,14.0,16.6733
3,Dactylis glomerata,7,9.0,27.96043
3,Dactylis glomerata,8,7.0,23.24731
3,Dactylis glomerata,9,14.0,14.22145
3,Dactylis glomerata,10,10.0,14.7257
3,Plantago lagopus,1,4.5,14.8325
3,Plantago lagopus,2,5.0,16.04406
3,Plantago lagopus,3,2.0,19.22879
3,Plantago lagopus,4,3.5,15.09804
3,Plantago lagopus,5,5.5,14.72151
3,Plantago lagopus,6,5.0,14.49175
3,Plantago lagopus,8,5.0,17.43781
3,Plantago lagopus,9,3.0,11.49562
3,Plantago lagopus,10,4.0,12.20594
3,Tolpis barbata,1,6.0,23.38
3,Tolpis barbata,2,7.0,22.79609
3,Tolpis barbata,3,9.0,21.21853
3,Tolpis barbata,4,15.0,22.36722
3,Tolpis barbata,5,7.5,19.44348
3,Tolpis barbata,6,5.0,18.0
3,Tolpis barbata,7,8.5,21.34557
3,Tolpis barbata,8,13.5,21.16461
3,Tolpis barbata,9,7.0,19.34524
3,Tolpis barbata,10,8.5,20.87171
3,Trifolium cherleri,1,7.6,21.28763
3,Trifolium cherleri,3,2.6,16.63399
3,Trifolium cherleri,4,4.0,19.93921
3,Trifolium cherleri,6,7.6,19.46429
3,Trifolium cherleri,7,6.5,21.68784
3,Trifolium cherleri,8,4.0,22.72727
3,Trifolium cherleri,9,5.6,12.61333
3,Trifolium glomeratum,1,3.5,24.32815
3,Trifolium glomeratum,2,4.5,21.9106
4,Centaurea sp,1,7.0,10.15612
4,Centaurea sp,2,4.0,12.89745
4,Centaurea sp,3,6.0,11.86049
4,Centaurea sp,4,6.0,13.9849
4,Centaurea sp,5,7.0,14.51362
4,Centaurea sp,6,6.0,16.90965
4,Centaurea sp,7,6.5,13.23899
4,Centaurea sp,8,5.0,18.09428
4,Centaurea sp,9,12.0,14.03071
4,Centaurea sp,10,10.0,13.39291
4,Plantago lagopus,1,4.0,13.49733
4,Plantago lagopus,2,2.0,15.38583
4,Plantago lagopus,4,3.5,14.47035
4,Plantago lagopus,5,4.0,13.87115
4,Plantago lagopus,6,3.0,14.15893
4,Plantago lagopus,7,4.0,22.53069
4,Plantago lagopus,8,2.0,20.40404
4,Plantago lagopus,9,3.5,13.34941
4,Plantago lagopus,10,5.0,19.31912
4,Trifolium cherleri,1,3.5,17.51969
4,Trifolium cherleri,2,6.0,18.0786
4,Trifolium cherleri,3,4.0,18.42342
4,Trifolium cherleri,4,3.5,21.25
4,Trifolium cherleri,5,5.0,14.17683
4,Trifolium cherleri,6,5.5,20.99788
4,Trifolium cherleri,7,6.0,19.65909
4,Trifolium cherleri,8,5.0,21.30814
4,Trifolium cherleri,9,9.0,19.01429
4,Trifolium cherleri,10,7.0,18.60616
4,Trifolium hirtum,1,8.0,14.72727
4,Trifolium hirtum,2,4.0,15.17611
4,Trifolium hirtum,3,10.5,15.81189
4,Trifolium hirtum,4,6.0,14.29881
4,Trifolium hirtum,5,6.5,15.13158
4,Trifolium hirtum,6,10.5,16.99643
4,Trifolium hirtum,7,8.5,14.50045
4,Trifolium hirtum,8,3.0,15.40243
4,Trifolium hirtum,9,11.0,11.15545
4,Trifolium hirtum,10,6.5,14.3691
5,Echium plantagineum,1,6.2,16.52980132
5,Echium plantagineum,2,13.0,15.15970516
5,Echium plantagineum,3,7.0,18.73115578
5,Echium plantagineum,4,16.0,12.20122574
5,Echium plantagineum,5,8.0,14.32640493
5,Echium plantagineum,6,12.0,17.4291939
5,Echium plantagineum,7,18.0,12.69170579
5,Echium plantagineum,8,10.0,13.29575597
5,Echium plantagineum,9,15.0,11.7001229
5,Echium plantagineum,10,9.0,16.13877551
5,Leontodon taraxacoides,1,2.4,23.77291543
5,Leontodon taraxacoides,2,3.1,26.89029918
5,Leontodon taraxacoides,3,4.0,26.84852836
5,Leontodon taraxacoides,4,6.2,21.68691427
5,Leontodon taraxacoides,5,3.9,22.77255639
5,Leontodon taraxacoides,6,5.0,21.06040268
5,Leontodon taraxacoides,7,4.3,20.39246468
5,Leontodon taraxacoides,8,6.8,25.55267703
5,Leontodon taraxacoides,9,5.1,24.14545455
5,Plantago lagopus,1,3.0,20.80645161
5,Plantago lagopus,2,3.6,16.50145773
5,Plantago lagopus,3,3.7,16.92934783
5,Plantago lagopus,4,3.2,17.91274594
5,Plantago lagopus,5,2.3,18.10368349
5,Plantago lagopus,6,2.5,13.32414553
5,Plantago lagopus,7,3.3,16.63619744
5,Plantago lagopus,8,2.8,15.49450549
5,Plantago lagopus,9,3.0,16.19946092
5,Plantago lagopus,10,3.4,15.00586166
5,Tolpis barbata,1,6.1,22.84552846
5,Tolpis barbata,2,4.5,22.1031746
5,Tolpis barbata,3,5.6,20.16172507
5,Tolpis barbata,4,4.8,26.61562021
5,Tolpis barbata,5,9.6,20.0
5,Tolpis barbata,6,5.4,23.99371069
5,Tolpis barbata,7,8.0,18.74055416
5,Tolpis barbata,8,6.0,19.20502092
5,Tolpis barbata,9,7.1,21.72043011
5,Tolpis barbata,10,4.2,26.25866051
5,Trifolium cherleri,1,3.5,25.63636364
5,Trifolium cherleri,2,3.2,15.6
5,Trifolium cherleri,3,2.6,20.37433155
5,Trifolium cherleri,4,2.1,20.97744361
5,Trifolium cherleri,5,4.8,20.71618037
5,Trifolium cherleri,6,2.1,23.47593583
5,Trifolium cherleri,7,2.5,22.98507463
5,Trifolium cherleri,8,2.8,21.06382979
5,Trifolium cherleri,9,1.8,18.1978022
5,Trifolium cherleri,10,1.3,24.36781609
6,Misopates orontium,1,8.0,21.07692308
6,Misopates orontium,2,10.0,19.18367347
6,Misopates orontium,3,6.5,13.33333333
6,Misopates orontium,4,4.5,20.64516129
6,Misopates orontium,5,5.0,17.55555556
6,Misopates orontium,6,7.0,20.0
6,Misopates orontium,7,7.0,23.60248447
6,Misopates orontium,8,5.5,12.82608696
6,Misopates orontium,9,5.0,34.6
6,Misopates orontium,10,7.5,25.84158416
6,Anthyllis cornicina,1,9.0,15.7795146
6,Anthyllis cornicina,2,7.0,14.10774411
6,Anthyllis cornicina,3,6.0,11.1738149
6,Anthyllis cornicina,4,4.0,16.42058166
6,Anthyllis cornicina,5,5.0,13.10371517
6,Anthyllis cornicina,6,6.5,17.18518519
6,Anthyllis cornicina,7,5.5,15.68212824
6,Anthyllis cornicina,8,12.0,15.84412082
6,Anthyllis cornicina,9,9.0,15.41102674
6,Anthyllis cornicina,10,11.0,15.27035831
6,Biserrula pelecinus,1,3.0,25.85735964
6,Biserrula pelecinus,2,2.0,29.68652038
6,Biserrula pelecinus,3,2.2,21.44278607
6,Biserrula pelecinus,4,3.1,19.22746781
6,Biserrula pelecinus,5,2.1,18.74886673
6,Biserrula pelecinus,6,3.1,23.48387097
6,Biserrula pelecinus,7,4.9,23.69781312
6,Biserrula pelecinus,8,3.8,26.19273302
6,Biserrula pelecinus,9,3.2,24.13690476
6,Biserrula pelecinus,10,3.0,19.67644085
6,Echium plantagineum,1,13.0,15.92031873
6,Echium plantagineum,2,6.0,16.81481481
6,Echium plantagineum,3,9.0,12.63811563
6,Echium plantagineum,4,7.0,12.5397974
6,Echium plantagineum,5,10.0,18.41628959
6,Echium plantagineum,6,9.0,17.56186984
6,Echium plantagineum,7,8.0,16.73684211
6,Echium plantagineum,8,11.0,13.76615746
6,Echium plantagineum,9,9.0,16.46666667
6,Echium plantagineum,10,7.0,14.8655636
6,Plantago lagopus,1,5.0,21.69790518
6,Plantago lagopus,2,3.5,28.08290155
6,Plantago lagopus,3,4.0,18.11814346
6,Plantago lagopus,4,2.5,17.4137931
6,Plantago lagopus,5,3.0,19.16083916
6,Plantago lagopus,6,3.0,18.38602329
6,Plantago lagopus,7,4.5,23.09386973
6,Plantago lagopus,8,4.5,19.64041096
6,Plantago lagopus,9,4.0,20.07878447
6,Plantago lagopus,10,4.5,16.70360111
6,Trifolium cherleri,1,7.0,21.13074205
6,Trifolium cherleri,2,3.5,20.18302829
6,Trifolium cherleri,3,4.5,19.21664627
6,Trifolium cherleri,4,5.0,21.91919192
6,Trifolium cherleri,5,4.0,18.86247878
6,Trifolium cherleri,6,3.0,20.83011583
6,Trifolium cherleri,7,7.0,17.32394366
6,Trifolium cherleri,8,4.5,17.20156556
6,Trifolium cherleri,9,3.0,21.98501873
6,Trifolium cherleri,10,4.5,20.49632353
7,Anthyllis cornicina,1,8.0,18.72908623
7,Anthyllis cornicina,2,4.5,15.14634146
7,Anthyllis cornicina,3,5.5,19.54892436
7,Anthyllis cornicina,4,4.2,14.79552093
7,Anthyllis cornicina,5,6.2,18.13718897
7,Anthyllis cornicina,6,5.5,21.51138716
7,Anthyllis cornicina,7,5.7,19.25799087
7,Anthyllis cornicina,8,7.2,24.16166467
7,Anthyllis cornicina,9,4.9,20.98529412
7,Anthyllis cornicina,10,6.0,21.66407465
7,Biserrula pelecinus,1,2.8,24.96598639
7,Biserrula pelecinus,2,3.4,27.22527473
7,Biserrula pelecinus,3,4.1,23.58565737
7,Biserrula pelecinus,4,0.9,25.58823529
7,Biserrula pelecinus,5,1.3,24.24657534
7,Biserrula pelecinus,6,2.4,29.68973747
7,Biserrula pelecinus,7,0.5,27.70642202
7,Biserrula pelecinus,8,2.5,27.960199
7,Biserrula pelecinus,9,1.6,27.11111111
7,Biserrula pelecinus,10,3.1,32.93918919
7,Bromus rubens,3,10.0,21.67331
7,Bromus rubens,6,5.9,24.77987
7,Bromus rubens,7,6.4,16.07339
7,Bromus rubens,10,8.2,26.14108
7,Plantago lagopus,1,6.0,16.6359447
7,Plantago lagopus,2,4.0,16.46174863
7,Plantago lagopus,3,7.0,18.46950518
7,Plantago lagopus,4,3.6,16.30551817
7,Plantago lagopus,5,6.6,18.94086022
7,Plantago lagopus,6,7.2,23.90286976
7,Plantago lagopus,7,5.5,23.83469844
7,Plantago lagopus,8,4.6,23.3559322
7,Plantago lagopus,9,6.3,20.76115486
7,Trifolium cherleri,1,4.5,19.39849624
7,Trifolium cherleri,2,5.7,17.82268579
7,Trifolium cherleri,3,4.3,20.82417582
7,Trifolium cherleri,4,4.0,20.88167053
7,Trifolium cherleri,5,3.8,16.73142857
7,Trifolium cherleri,6,2.0,23.89324961
7,Trifolium cherleri,7,4.5,28.64768683
7,Trifolium cherleri,8,3.0,25.41666667
7,Trifolium cherleri,9,3.7,23.97894737
7,Trifolium cherleri,10,2.8,25.44534413
8,Anthyllis cornicina,1,15.5,14.32457143
8,Anthyllis cornicina,2,4.5,14.86618005
8,Anthyllis cornicina,3,5.0,14.94968855
8,Anthyllis cornicina,4,6.0,18.15277268
8,Anthyllis cornicina,5,4.0,21.8
8,Anthyllis cornicina,6,6.0,18.66873065
8,Anthyllis cornicina,7,11.0,17.52161383
8,Anthyllis cornicina,8,7.5,21.72399503
8,Anthyllis cornicina,9,14.0,17.82273008
8,Anthyllis cornicina,10,5.5,18.5483871
8,Biserrula pelecinus,1,4.5,18.05025126
8,Biserrula pelecinus,2,3.0,16.24463519
8,Biserrula pelecinus,3,2.5,15.42491269
8,Biserrula pelecinus,4,5.0,20.45372051
8,Biserrula pelecinus,8,4.5,21.87645688
8,Biserrula pelecinus,9,4.0,16.58018868
8,Biserrula pelecinus,10,3.0,23.89671362
8,Bromus matritensis,1,8.0,32.67857143
8,Bromus matritensis,2,6.0,27.80701754
8,Bromus matritensis,4,7.0,23.27702703
8,Bromus matritensis,5,9.0,29.57142857
8,Bromus matritensis,6,11.0,37.19298246
8,Bromus matritensis,7,6.0,30.07968127
8,Bromus matritensis,8,6.5,21.30718954
8,Bromus matritensis,9,13.0,25.68733154
8,Bromus matritensis,10,11.5,20.0
8,Echium plantagineum,1,10.5,18.42672414
8,Echium plantagineum,2,13.0,14.4190732
8,Echium plantagineum,3,9.0,19.74940334
8,Echium plantagineum,4,5.0,17.0682148
8,Echium plantagineum,5,10.0,17.00725514
8,Echium plantagineum,6,9.0,22.0246085
8,Echium plantagineum,7,11.0,16.725619
8,Echium plantagineum,8,9.0,16.90006798
8,Echium plantagineum,9,8.0,22.97968397
8,Echium plantagineum,10,6.0,24.04296875
8,Lamarchia aurea,1,5.0,36.09958506
8,Lamarchia aurea,2,6.0,35.78378378
8,Lamarchia aurea,3,5.0,34.25531915
8,Lamarchia aurea,4,3.5,43.12883436
8,Lamarchia aurea,6,6.0,42.54716981
8,Lamarchia aurea,7,5.0,46.86390533
8,Lamarchia aurea,8,7.0,43.75968992
8,Lamarchia aurea,9,7.0,30.17492711
8,Lamarchia aurea,10,6.5,16.31782946
8,Plantago lagopus,1,4.5,15.59906487
8,Plantago lagopus,2,4.0,16.39720559
8,Plantago lagopus,3,5.0,15.73119777
8,Plantago lagopus,4,4.5,18.802589
8,Plantago lagopus,5,6.0,19.84752589
8,Plantago lagopus,6,3.5,16.3580786
8,Plantago lagopus,7,5.5,12.82384184
8,Plantago lagopus,8,4.0,18.33876221
8,Plantago lagopus,9,4.0,19.68602826
8,Plantago lagopus,10,3.5,17.11426188
9,Anthemis arvensis,1,13.0,23.58255452
9,Anthemis arvensis,2,16.0,18.94093686
9,Anthemis arvensis,3,11.0,28.41121495
9,Anthemis arvensis,4,8.0,28.04521277
9,Anthemis arvensis,5,11.0,28.46728972
9,Anthemis arvensis,6,17.0,17.89414414
9,Anthemis arvensis,7,12.0,21.91146881
9,Anthemis arvensis,8,11.0,20.79301075
9,Anthemis arvensis,9,9.0,28.20512821
9,Anthemis arvensis,10,7.0,27.09677419
9,Biserrula pelecinus,1,3.5,26.72839506
9,Biserrula pelecinus,2,5.0,27.35294118
9,Biserrula pelecinus,4,3.0,26.54676259
9,Biserrula pelecinus,5,4.0,22.74336283
9,Biserrula pelecinus,6,2.0,30.57291667
9,Biserrula pelecinus,7,5.0,26.04099245
9,Biserrula pelecinus,9,3.0,23.09576837
9,Biserrula pelecinus,10,3.5,20.11257036
9,Bromus hordeaceus,2,8.0,18.65342163
9,Bromus hordeaceus,3,9.5,26.07495069
9,Bromus hordeaceus,4,10.5,30.3567447
9,Bromus hordeaceus,5,14.0,25.997151
9,Bromus hordeaceus,6,8.0,27.98591549
9,Bromus hordeaceus,7,6.0,42.2
9,Bromus hordeaceus,8,6.0,37.27272727
9,Bromus hordeaceus,9,8.0,23.86516854
9,Bromus hordeaceus,10,9.0,21.44
9,Lamarchia aurea,1,7.0,29.62546816
9,Lamarchia aurea,2,5.0,51.8877551
9,Lamarchia aurea,3,7.0,40.92857143
9,Lamarchia aurea,4,8.0,46.53409091
9,Lamarchia aurea,5,5.0,50.90909091
9,Lamarchia aurea,6,5.0,38.16176471
9,Lamarchia aurea,7,7.5,52.26912929
9,Lamarchia aurea,8,6.0,31.89119171
9,Lamarchia aurea,9,4.0,42.02185792
9,Lamarchia aurea,10,6.0,35.18987342
9,Plantago lagopus,1,3.5,16.39830508
9,Plantago lagopus,2,4.5,19.19258769
9,Plantago lagopus,3,5.5,17.1559633
9,Plantago lagopus,4,4.0,20.46296296
9,Plantago lagopus,5,5.0,20.36756757
9,Plantago lagopus,6,6.0,17.61278195
9,Plantago lagopus,7,5.0,16.83800623
9,Plantago lagopus,8,3.0,14.8490048
9,Plantago lagopus,9,3.0,15.68121341
9,Plantago lagopus,10,3.5,14.58333333
9,Trifolium striatum,1,8.0,19.74193548
9,Trifolium striatum,2,7.0,18.22141561
9,Trifolium striatum,3,4.0,20.29143898
9,Trifolium striatum,4,6.0,21.7211329
9,Trifolium striatum,5,7.0,22.26293103
9,Trifolium striatum,6,5.0,25.79925651
9,Trifolium striatum,7,5.0,18.66580311
9,Trifolium striatum,8,4.0,20.36821705
9,Trifolium striatum,9,3.0,24.52307692
9,Trifolium striatum,10,4.0,25.77287066
10,Biserrula pelecinus,1,4.0,21.98391
10,Biserrula pelecinus,2,4.0,29.47867
10,Biserrula pelecinus,3,5.0,17.02857
10,Biserrula pelecinus,4,5.0,21.33132
10,Biserrula pelecinus,5,4.0,24.08
10,Biserrula pelecinus,6,4.5,26.34508
10,Biserrula pelecinus,7,5.0,25.48632
10,Biserrula pelecinus,8,4.0,12.12121
10,Biserrula pelecinus,9,5.0,24.51117
10,Biserrula pelecinus,10,2.0,19.36548
10,Chamaemellum mixtum,1,10.0,23.37979
10,Chamaemellum mixtum,2,9.5,23.27703
10,Chamaemellum mixtum,3,17.0,17.02571
10,Chamaemellum mixtum,4,12.0,15.35984
10,Chamaemellum mixtum,5,9.0,13.92308
10,Chamaemellum mixtum,6,10.0,15.90246
10,Chamaemellum mixtum,7,20.0,12.65741
10,Petrorhagia nanteuilli,2,9.0,15.8804
10,Petrorhagia nanteuilli,3,6.0,13.55556
10,Petrorhagia nanteuilli,4,9.0,16.20579
10,Petrorhagia nanteuilli,5,8.0,15.22337
10,Petrorhagia nanteuilli,6,10.5,17.18367
10,Petrorhagia nanteuilli,7,5.0,14.49686
10,Plantago coronopus,1,5.0,13.17474
10,Plantago coronopus,2,4.0,16.91233
10,Plantago coronopus,3,6.0,21.46237
10,Plantago coronopus,4,3.5,14.41734
10,Plantago coronopus,5,4.0,18.44193
10,Plantago coronopus,6,3.5,12.07254
10,Plantago coronopus,7,3.0,11.27
10,Plantago coronopus,8,2.5,18.35664
10,Plantago coronopus,9,3.0,21.71679
10,Plantago coronopus,10,4.0,16.43389
10,Plantago lagopus,1,5.0,16.96093
10,Plantago lagopus,2,5.0,18.45085
10,Plantago lagopus,3,6.5,19.9153
10,Plantago lagopus,4,4.0,16.80346
10,Plantago lagopus,5,4.0,16.25619
10,Plantago lagopus,6,6.5,12.12984
10,Plantago lagopus,7,4.0,15.48681
10,Plantago lagopus,8,4.0,16.31829
10,Plantago lagopus,9,4.0,16.74699
10,Plantago lagopus,10,3.5,16.94617
10,Spergularia purpurea,1,5.0,18.57143
10,Spergularia purpurea,2,8.0,11.17647
10,Spergularia purpurea,3,3.0,15.2
10,Spergularia purpurea,4,6.0,11.63265
10,Spergularia purpurea,5,5.0,14.64286
10,Spergularia purpurea,6,3.0,24.0
10,Spergularia purpurea,7,9.0,7.28814
10,Spergularia purpurea,8,4.0,14.72222
10,Spergularia purpurea,9,2.0,22.30769
10,Spergularia purpurea,10,6.0,15.07042
10,Tolpis barbata,1,7.0,23.14162
10,Tolpis barbata,2,5.5,27.4
10,Tolpis barbata,3,9.0,32.61324
10,Tolpis barbata,4,10.0,26.98675
10,Tolpis barbata,5,10.0,34.18462
10,Tolpis barbata,6,7.0,26.51982
10,Tolpis barbata,7,6.0,20.67797
10,Tolpis barbata,8,7.0,20.60627
10,Tolpis barbata,9,11.0,20.17123
10,Tolpis barbata,10,9.0,25.35714
10,Trifolium tomentosum,1,3.0,35.60606
10,Trifolium tomentosum,2,1.0,41.21053
10,Trifolium tomentosum,3,2.5,30.10989
10,Trifolium tomentosum,4,3.0,30.62222
10,Trifolium tomentosum,5,3.0,31.90883
10,Trifolium tomentosum,6,5.0,29.07186
10,Trifolium tomentosum,7,3.0,34.43769
10,Trifolium tomentosum,8,2.0,37.00361
10,Trifolium tomentosum,9,2.0,31.36364
10,Trifolium tomentosum,10,3.0,42.5
11,Biserrula pelecinus,1,7.0,21.89107413
11,Biserrula pelecinus,2,7.0,21.78861789
11,Biserrula pelecinus,3,4.0,23.19607843
11,Biserrula pelecinus,4,4.0,25.20107239
11,Biserrula pelecinus,5,5.0,30.30379747
11,Biserrula pelecinus,6,3.0,25.27522936
11,Biserrula pelecinus,7,7.0,26.2763466
11,Biserrula pelecinus,8,6.0,28.41781874
11,Biserrula pelecinus,9,5.0,29.44444444
11,Biserrula pelecinus,10,3.0,31.97183099
11,Lactuca tenerrima,1,10.0,17.65072765
11,Lactuca tenerrima,2,18.0,23.79047619
11,Leontodon taraxacoides,1,5.0,25.52424368
11,Leontodon taraxacoides,2,3.0,29.85879332
11,Leontodon taraxacoides,3,3.0,24.9695122
11,Leontodon taraxacoides,4,5.0,27.43434343
11,Leontodon taraxacoides,5,2.0,31.33716751
11,Leontodon taraxacoides,6,7.0,28.68087941
11,Leontodon taraxacoides,7,6.0,29.42062572
11,Leontodon taraxacoides,8,7.0,37.32447818
11,Leontodon taraxacoides,9,7.5,36.35145197
11,Leontodon taraxacoides,10,6.5,28.10613437
11,Plantago lagopus,1,4.5,13.54561879
11,Plantago lagopus,2,5.0,22.2840691
11,Plantago lagopus,3,3.5,15.81673307
11,Plantago lagopus,4,4.0,16.56674208
11,Plantago lagopus,5,4.5,18.61333333
11,Plantago lagopus,6,3.0,24.15362731
11,Plantago lagopus,7,5.0,17.04292528
11,Plantago lagopus,8,4.0,15.98975016
11,Plantago lagopus,9,3.0,16.49066323
11,Plantago lagopus,10,4.0,20.64660691
11,Psilurus incurvus,1,7.0,26.49122807
11,Psilurus incurvus,2,8.0,16.54867257
11,Psilurus incurvus,3,9.0,19.33333333
11,Psilurus incurvus,4,8.0,21.91176471
11,Psilurus incurvus,5,4.0,13.36633663
11,Psilurus incurvus,6,10.0,18.75
11,Psilurus incurvus,7,7.5,37.42857143
11,Psilurus incurvus,8,10.0,28.56060606
11,Psilurus incurvus,9,9.0,45.47169811
11,Psilurus incurvus,10,8.0,35.59701493
11,Trifolium cherleri,1,6.0,23.01075269
11,Trifolium cherleri,2,9.0,22.69399707
11,Trifolium cherleri,3,4.0,21.29707113
11,Trifolium cherleri,4,7.0,24.84848485
11,Trifolium cherleri,5,6.0,24.46366782
11,Trifolium cherleri,6,9.0,24.21524664
11,Trifolium cherleri,7,7.0,23.53369763
11,Trifolium cherleri,8,6.0,24.4971537
11,Trifolium cherleri,9,9.0,22.94117647
11,Trifolium cherleri,10,7.0,22.49755142
11,Trifolium hirtum,1,14.0,15.74942352
11,Trifolium hirtum,2,10.0,15.72646536
11,Trifolium hirtum,3,13.0,15.94842212
11,Trifolium hirtum,4,16.0,18.14587594
11,Trifolium hirtum,5,14.0,19.12119064
11,Trifolium hirtum,6,13.0,20.9739369
11,Trifolium hirtum,7,14.0,17.61520493
11,Trifolium hirtum,8,8.0,19.59897611
11,Trifolium hirtum,9,9.0,19.73721258
11,Trifolium hirtum,10,12.0,18.29399865
12,Anthemis arvensis,1,12.0,26.64285714
12,Anthemis arvensis,2,10.0,26.21521336
12,Anthemis arvensis,3,5.0,30.13071895
12,Anthemis arvensis,4,13.0,21.13378685
12,Anthemis arvensis,5,10.0,19.43548387
12,Anthemis arvensis,6,11.0,15.62737643
12,Anthemis arvensis,7,10.5,22.90734824
12,Anthemis arvensis,8,10.5,21.60520607
12,Anthemis arvensis,9,10.0,19.67871486
12,Anthemis arvensis,10,8.0,19.30463576
12,Biserrula pelecinus,1,7.0,41.85958254
12,Biserrula pelecinus,2,6.0,47.87878788
12,Biserrula pelecinus,3,5.0,44.26886792
12,Biserrula pelecinus,4,11.0,42.43270189
12,Biserrula pelecinus,5,8.5,42.59114583
12,Biserrula pelecinus,6,9.0,39.16326531
12,Biserrula pelecinus,7,6.5,39.85826772
12,Biserrula pelecinus,8,5.0,26.9122807
12,Biserrula pelecinus,9,7.0,40.34658512
12,Biserrula pelecinus,10,8.0,32.61958998
12,Crepis capillaris,1,13.0,34.33275563
12,Crepis capillaris,2,7.0,37.35042735
12,Crepis capillaris,4,17.0,47.5495916
12,Crepis capillaris,6,10.0,44.625
12,Crepis capillaris,7,8.0,39.83935743
12,Crepis capillaris,10,8.0,54.53947368
12,Dactylis glomerata,1,13.0,15.8259325
12,Dactylis glomerata,2,18.5,27.80760626
12,Dactylis glomerata,3,23.0,21.63784334
12,Dactylis glomerata,4,14.0,21.24137931
12,Dactylis glomerata,5,25.0,26.2704918
12,Dactylis glomerata,6,32.5,23.00204918
12,Dactylis glomerata,7,14.0,21.56956005
12,Dactylis glomerata,8,14.5,23.47022587
12,Dactylis glomerata,9,36.0,22.65395095
12,Dactylis glomerata,10,21.0,16.54155496
12,Neatostema apulum,1,6.5,20.27027027
12,Neatostema apulum,6,7.0,19.62025316
12,Neatostema apulum,7,9.0,26.08695652
12,Neatostema apulum,8,9.5,20.46728972
12,Neatostema apulum,9,10.5,18.91472868
12,Neatostema apulum,10,8.5,15.25862069
12,Plantago lagopus,1,5.5,22.55700326
12,Plantago lagopus,2,7.0,23.41543514
12,Plantago lagopus,3,7.5,22.88580247
12,Plantago lagopus,4,7.5,22.81629116
12,Plantago lagopus,5,5.0,22.83333333
12,Plantago lagopus,6,3.0,24.54873646
12,Plantago lagopus,7,6.0,26.07792208
12,Plantago lagopus,8,5.0,23.66579178
12,Plantago lagopus,9,4.5,30.44630404
12,Plantago lagopus,10,4.0,15.79281184
12,Tolpis barbata,1,14.0,22.33296824
12,Tolpis barbata,2,8.0,28.50129199
12,Tolpis barbata,3,12.0,16.08974359
12,Tolpis barbata,4,6.0,26.18110236
12,Tolpis barbata,5,12.0,20.0348675
12,Tolpis barbata,6,9.0,21.65322581
12,Tolpis barbata,7,15.0,19.19191919
12,Tolpis barbata,8,10.0,19.27710843
12,Tolpis barbata,9,9.0,30.26041667
12,Tolpis barbata,10,9.0,22.32142857
12,Trifolium cherleri,1,5.0,27.63157895
12,Trifolium cherleri,2,4.5,31.44444444
12,Trifolium cherleri,3,10.0,24.92113565
12,Trifolium cherleri,4,12.0,24.26356589
12,Trifolium cherleri,5,7.0,19.40455342
12,Trifolium cherleri,6,5.0,22.21843003
12,Trifolium cherleri,7,7.0,26.60117878
12,Trifolium cherleri,8,6.0,25.34562212
12,Trifolium cherleri,9,6.0,27.24907063
12,Trifolium cherleri,10,6.5,22.11155378
13,Anthyllis cornicina,1,9.0,19.43548387
13,Anthyllis cornicina,2,6.6,23.76454001
13,Anthyllis cornicina,3,9.2,24.84618044
13,Anthyllis cornicina,4,6.4,27.56838906
13,Anthyllis cornicina,5,6.1,26.01756955
13,Anthyllis cornicina,6,6.8,27.04044118
13,Anthyllis cornicina,7,10.2,23.22559793
13,Anthyllis cornicina,8,5.6,27.26546906
13,Anthyllis cornicina,9,7.5,24.86555233
13,Anthyllis cornicina,10,8.2,24.40711462
13,Biserrula pelecinus,1,7.0,32.83482143
13,Biserrula pelecinus,2,3.1,35.33875339
13,Biserrula pelecinus,3,4.2,38.19047619
13,Biserrula pelecinus,4,1.8,32.10131332
13,Biserrula pelecinus,5,4.0,25.8531746
13,Biserrula pelecinus,6,4.8,44.09090909
13,Biserrula pelecinus,7,4.1,45.06666667
13,Biserrula pelecinus,8,2.5,46.48379052
13,Biserrula pelecinus,9,3.3,40.94594595
13,Biserrula pelecinus,10,6.5,41.30681818
13,Bromus hordeaceus,1,8.2,39.68992248
13,Bromus hordeaceus,2,10.0,31.83266932
13,Bromus hordeaceus,3,14.1,26.35658915
13,Bromus hordeaceus,4,16.4,26.4274571
13,Bromus hordeaceus,5,12.5,30.30660377
13,Bromus hordeaceus,6,9.5,33.81097561
13,Bromus hordeaceus,7,12.2,36.66055046
13,Bromus hordeaceus,8,15.4,34.7382199
13,Bromus hordeaceus,9,12.7,42.1314741
13,Bromus hordeaceus,10,9.2,30.8627451
13,Dactylis glomerata,1,11.2,25.81490581
13,Dactylis glomerata,2,10.5,30.59259259
13,Dactylis glomerata,3,14.0,29.57446809
13,Dactylis glomerata,4,14.5,21.66666667
13,Dactylis glomerata,5,13.7,25.96792669
13,Dactylis glomerata,6,16.6,20.93984962
13,Dactylis glomerata,7,5.1,43.21533923
13,Dactylis glomerata,8,17.0,25.96339114
13,Dactylis glomerata,9,18.2,40.89453861
13,Dactylis glomerata,10,16.0,22.68258427
13,Plantago lagopus,1,6.4,25.16880093
13,Plantago lagopus,2,5.5,29.05075188
13,Plantago lagopus,3,4.2,25.65137615
13,Plantago lagopus,4,6.1,25.05601195
13,Plantago lagopus,5,4.5,23.73071529
13,Plantago lagopus,6,5.8,28.98242368
13,Plantago lagopus,7,6.1,28.63529412
13,Plantago lagopus,8,3.4,37.00757576
13,Plantago lagopus,9,5.2,25.77235772
13,Plantago lagopus,10,5.3,21.56992084
13,Polycarpon tetraphyllum,1,1.8,96.66666667
13,Polycarpon tetraphyllum,2,2.1,128.125
13,Polycarpon tetraphyllum,3,1.5,131.875
13,Polycarpon tetraphyllum,4,2.3,107.8571429
13,Polycarpon tetraphyllum,5,1.6,129.1666667
13,Polycarpon tetraphyllum,6,1.5,62.5
13,Polycarpon tetraphyllum,7,2.5,95.71428571
13,Polycarpon tetraphyllum,8,3.6,102.5
13,Polycarpon tetraphyllum,9,1.4,97.5
13,Polycarpon tetraphyllum,10,1.8,74.16666667
13,Trifolium cherleri,1,6.8,26.16871705
13,Trifolium cherleri,2,3.8,26.77862595
13,Trifolium cherleri,3,7.1,31.78947368
13,Trifolium cherleri,4,5.3,29.86486486
13,Trifolium cherleri,5,5.8,31.55660377
13,Trifolium cherleri,6,7.4,29.78473581
13,Trifolium cherleri,7,4.7,32.25
13,Trifolium cherleri,8,6.1,28.29545455
13,Trifolium cherleri,9,4.9,26.171875
13,Trifolium cherleri,10,7.9,26.5599051
13,Trifolium glomeratum,1,4.5,29.67914439
13,Trifolium glomeratum,3,4.3,34.1576087
13,Trifolium glomeratum,5,4.8,37.16911765
13,Trifolium glomeratum,6,3.2,48.31460674
13,Trifolium glomeratum,7,2.5,41.8018018
13,Trifolium glomeratum,8,5.4,36.0456942
13,Trifolium glomeratum,9,4.8,39.76833977
13,Trifolium glomeratum,10,4.3,44.93902439
14,Anacyclus clavatus,1,6.0,16.47179487
14,Anacyclus clavatus,2,6.0,22.52600297
14,Anacyclus clavatus,3,7.0,26.43185299
14,Anacyclus clavatus,4,11.0,20.92741935
14,Anacyclus clavatus,5,9.0,18.36956522
14,Anacyclus clavatus,6,6.5,15.40337711
14,Anacyclus clavatus,7,7.8,11.26126126
14,Anacyclus clavatus,8,4.5,13.30860534
14,Anacyclus clavatus,9,8.4,16.62576687
14,Anacyclus clavatus,10,7.0,13.71541502
14,Anthyllis cornicina,1,3.5,22.28746713
14,Anthyllis cornicina,2,7.0,26.352657
14,Anthyllis cornicina,3,5.5,20.9510291
14,Anthyllis cornicina,4,8.0,19.58896066
14,Anthyllis cornicina,5,4.0,20.35584604
14,Anthyllis cornicina,6,5.0,14.20662598
14,Anthyllis cornicina,7,3.5,16.51102464
14,Anthyllis cornicina,8,7.5,16.12410072
14,Anthyllis cornicina,9,6.5,15.11668868
14,Anthyllis cornicina,10,4.5,15.73438874
14,Biserrula pelecinus,1,4.4,28.75
14,Biserrula pelecinus,2,4.1,33.3423913
14,Biserrula pelecinus,3,4.4,33.71134021
14,Biserrula pelecinus,4,3.4,32.20963173
14,Biserrula pelecinus,5,3.4,30.27522936
14,Biserrula pelecinus,6,5.1,25.52904564
14,Biserrula pelecinus,7,5.4,17.60364004
14,Biserrula pelecinus,8,2.5,21.97211155
14,Biserrula pelecinus,9,4.8,17.11978466
14,Biserrula pelecinus,10,2.6,16.71328671
14,Echium plantagineum,1,15.0,15.14374514
14,Echium plantagineum,2,12.0,14.63642428
14,Echium plantagineum,3,14.0,16.73488372
14,Echium plantagineum,4,18.0,20.92449923
14,Echium plantagineum,5,12.0,20.44159544
14,Echium plantagineum,6,10.0,18.20740741
14,Echium plantagineum,7,7.0,17.82437746
14,Echium plantagineum,8,18.0,16.80907877
14,Echium plantagineum,9,16.0,11.95876289
14,Plantago lagopus,1,4.5,19.51315789
14,Plantago lagopus,2,4.3,23.52517986
14,Plantago lagopus,3,4.9,18.77713459
14,Plantago lagopus,4,4.2,27.0212766
14,Plantago lagopus,5,2.5,29.72343523
14,Plantago lagopus,6,5.0,17.87903667
14,Plantago lagopus,7,7.0,13.89503473
14,Plantago lagopus,8,4.4,17.59734093
14,Plantago lagopus,9,3.9,15.23780855
14,Plantago lagopus,10,3.5,12.12611156
14,Trifolium cherleri,1,4.8,21.2244898
14,Trifolium cherleri,2,4.0,23.58714044
14,Trifolium cherleri,3,5.2,33.28173375
14,Trifolium cherleri,4,4.5,28.98907104
14,Trifolium cherleri,6,4.5,22.71428571
14,Trifolium cherleri,8,4.5,20.14218009
14,Trifolium cherleri,9,4.0,20.0
14,Trifolium cherleri,10,2.0,19.2
15,Anthemis arvensis,1,10.0,16.85800604
15,Anthemis arvensis,2,10.0,17.94117647
15,Anthemis arvensis,3,8.0,18.79746835
15,Anthemis arvensis,4,6.5,24.08921933
15,Anthemis arvensis,5,6.0,23.58895706
15,Anthemis arvensis,6,6.7,22.0702403
15,Anthemis arvensis,7,6.0,21.59474672
15,Anthemis arvensis,8,8.0,22.6035503
15,Anthemis arvensis,9,5.3,13.82352941
15,Anthemis arvensis,10,9.5,17.9844358
15,Biserrula pelecinus,1,4.8,23.85046729
15,Biserrula pelecinus,2,4.2,28.11965812
15,Biserrula pelecinus,3,3.9,37.04011065
15,Biserrula pelecinus,4,4.0,31.29750983
15,Biserrula pelecinus,5,4.6,32.37704918
15,Biserrula pelecinus,6,5.0,32.66798419
15,Biserrula pelecinus,7,3.5,32.85353535
15,Biserrula pelecinus,8,5.2,21.7877095
15,Biserrula pelecinus,9,4.1,20.08152174
15,Biserrula pelecinus,10,5.7,17.98050139
15,Bromus hordeaceus,2,12.0,26.02893891
15,Bromus hordeaceus,3,9.0,30.16260163
15,Bromus hordeaceus,4,7.0,43.99433428
15,Bromus hordeaceus,5,7.0,30.83941606
15,Bromus hordeaceus,6,7.5,38.10699588
15,Bromus hordeaceus,7,12.0,33.60411899
15,Bromus hordeaceus,8,7.5,34.24821002
15,Bromus hordeaceus,9,8.3,25.40425532
15,Bromus hordeaceus,10,16.0,23.83310719
15,Echium plantagineum,1,8.5,20.0867052
15,Echium plantagineum,3,4.1,30.03891051
15,Echium plantagineum,4,12.0,29.41176471
15,Echium plantagineum,5,20.0,19.70527046
15,Echium plantagineum,6,13.5,18.75
15,Echium plantagineum,7,16.0,19.80941704
15,Echium plantagineum,8,15.0,20.81066376
15,Echium plantagineum,9,18.0,16.62298387
15,Echium plantagineum,10,21.0,13.70642489
15,Filago pyramidata,1,2.5,69.57142857
15,Filago pyramidata,3,7.5,45.92105263
15,Filago pyramidata,4,7.0,52.55813953
15,Filago pyramidata,5,4.0,37.55555556
15,Filago pyramidata,6,4.2,55.10638298
15,Filago pyramidata,7,6.0,49.07407407
15,Filago pyramidata,8,6.0,72.57142857
15,Filago pyramidata,9,2.0,59.67741935
15,Filago pyramidata,10,6.4,34.94845361
15,Lolium rigidum,1,14.1,25.86538462
15,Lolium rigidum,2,12.5,26.37015782
15,Lolium rigidum,3,11.0,23.44608879
15,Lolium rigidum,4,14.0,28.82956879
15,Lolium rigidum,5,10.0,38.62888483
15,Lolium rigidum,6,17.0,31.38253638
15,Lolium rigidum,7,18.0,24.02974504
15,Lolium rigidum,8,15.0,29.25
15,Lolium rigidum,9,12.0,18.51685393
15,Lolium rigidum,10,11.0,23.11740891
15,Plantago lagopus,1,6.5,29.28509154
15,Plantago lagopus,2,5.5,19.38637325
15,Plantago lagopus,3,5.0,23.48673947
15,Plantago lagopus,4,6.3,18.97849462
15,Plantago lagopus,5,3.4,23.55736592
15,Plantago lagopus,6,4.8,18.67980884
15,Plantago lagopus,7,5.1,22.87176987
15,Plantago lagopus,8,3.3,21.19278779
15,Plantago lagopus,9,7.5,14.31291817
15,Plantago lagopus,10,2.0,21.53225806
15,Trifolium cherleri,1,5.5,22.66912669
15,Trifolium cherleri,2,6.6,23.18991098
15,Trifolium cherleri,3,5.4,21.81063123
15,Trifolium cherleri,4,5.4,21.21394231
15,Trifolium cherleri,5,3.4,28.07926829
15,Trifolium cherleri,6,6.4,24.0
15,Trifolium cherleri,7,7.1,23.54411765
15,Trifolium cherleri,8,5.0,27.16019417
15,Trifolium cherleri,9,6.1,21.97452229
15,Trifolium cherleri,10,4.8,24.96062992
15,Trifolium glomeratum,1,6.4,23.44788087
15,Trifolium glomeratum,2,3.2,30.85020243
15,Trifolium glomeratum,3,6.7,25.61538462
15,Trifolium glomeratum,4,8.5,33.32121212
15,Trifolium glomeratum,5,8.2,29.23076923
15,Trifolium glomeratum,6,7.5,27.67605634
15,Trifolium glomeratum,7,5.6,28.55822551
15,Trifolium glomeratum,8,3.7,26.2244898
15,Trifolium glomeratum,9,6.1,23.24675325
15,Trifolium glomeratum,10,5.8,21.9837587
16,Anthemis arvensis,1,9.0,24.02985075
16,Anthemis arvensis,2,9.0,32.19444444
16,Anthemis arvensis,3,13.0,20.26479751
16,Anthemis arvensis,4,8.5,31.29411765
16,Anthemis arvensis,5,8.5,22.07150368
16,Anthemis arvensis,6,12.0,25.05747126
16,Anthemis arvensis,7,12.0,24.50331126
16,Anthemis arvensis,8,8.0,24.15662651
16,Anthemis arvensis,9,8.2,24.9689441
16,Anthemis arvensis,10,8.0,22.56
16,Anthyllis cornicina,1,7.0,17.19209326
16,Anthyllis cornicina,2,8.5,15.55628703
16,Anthyllis cornicina,3,7.0,16.72763223
16,Anthyllis cornicina,4,4.5,17.85964912
16,Anthyllis cornicina,5,9.0,18.4178273
16,Anthyllis cornicina,6,5.6,18.25
16,Anthyllis cornicina,7,8.5,19.25124041
16,Anthyllis cornicina,8,7.0,19.6191091
16,Anthyllis cornicina,9,7.0,20.36055923
16,Anthyllis cornicina,10,6.0,17.59887006
16,Biserrula pelecinus,1,3.0,21.20267261
16,Biserrula pelecinus,2,3.5,27.86856128
16,Biserrula pelecinus,3,2.0,27.71428571
16,Biserrula pelecinus,4,4.0,28.76
16,Biserrula pelecinus,5,6.5,25.41160594
16,Biserrula pelecinus,6,3.5,24.63942308
16,Biserrula pelecinus,7,6.0,21.40350877
16,Biserrula pelecinus,8,5.0,23.26498423
16,Biserrula pelecinus,9,4.5,23.59773371
16,Biserrula pelecinus,10,4.5,31.32018209
16,Echium plantagineum,1,19.0,15.0
16,Echium plantagineum,2,14.0,23.06049822
16,Echium plantagineum,3,17.0,19.77808599
16,Echium plantagineum,4,9.0,15.30179445
16,Echium plantagineum,5,9.0,18.79289941
16,Echium plantagineum,6,10.0,22.09302326
16,Echium plantagineum,7,23.0,18.79777623
16,Echium plantagineum,8,14.0,21.67613636
16,Echium plantagineum,9,9.0,21.08208955
16,Echium plantagineum,10,11.0,21.68393782
16,Plantago lagopus,1,4.2,16.03333333
16,Plantago lagopus,2,5.0,20.28886555
16,Plantago lagopus,3,5.0,16.44179894
16,Plantago lagopus,4,6.5,17.17344754
16,Plantago lagopus,5,4.0,20.13513514
16,Plantago lagopus,6,7.5,16.28625773
16,Plantago lagopus,7,4.1,21.15178571
16,Plantago lagopus,8,4.2,25.2433936
16,Plantago lagopus,9,4.4,17.9656539
16,Plantago lagopus,10,5.5,18.52247191
16,Psilurus incurvus,1,5.0,8.157894737
16,Psilurus incurvus,2,5.5,6.428571429
16,Psilurus incurvus,3,5.0,9.0
16,Psilurus incurvus,4,8.0,13.91666667
16,Psilurus incurvus,5,8.5,18.44262295
16,Psilurus incurvus,6,5.5,17.75862069
16,Psilurus incurvus,7,9.5,8.109756098
16,Psilurus incurvus,8,8.0,14.74576271
16,Psilurus incurvus,9,8.0,5.68627451
16,Psilurus incurvus,10,7.5,2.345679012
16,Tolpis barbata,1,10.0,20.39166667
16,Tolpis barbata,2,7.0,24.43678161
16,Tolpis barbata,3,14.0,29.2196162
16,Tolpis barbata,4,11.0,21.42857143
16,Tolpis barbata,5,9.5,34.42817932
16,Tolpis barbata,6,8.0,29.61053837
16,Tolpis barbata,7,12.0,28.5501355
16,Tolpis barbata,8,11.0,32.52467532
16,Tolpis barbata,9,6.0,29.28780488
16,Tolpis barbata,10,12.0,27.12806862
17,Trisetum paniceum,1,16.0,47.71604938
17,Trisetum paniceum,2,25.0,34.97487437
17,Trisetum paniceum,3,14.0,35.46728972
17,Trisetum paniceum,4,21.0,39.6011396
17,Trisetum paniceum,5,23.0,39.42244224
17,Trisetum paniceum,6,16.0,42.64264264
17,Trisetum paniceum,7,20.0,31.44190871
17,Trisetum paniceum,8,15.0,28.72628726
17,Trisetum paniceum,9,19.0,38.89570552
17,Trisetum paniceum,10,22.0,31.22105263
17,Biserrula pelecinus,1,11.0,37.85894207
17,Biserrula pelecinus,2,7.0,47.12062257
17,Biserrula pelecinus,3,8.0,44.4338118
17,Biserrula pelecinus,4,8.0,55.56634304
17,Biserrula pelecinus,5,9.0,45.61068702
17,Biserrula pelecinus,6,7.0,46.8342246
17,Biserrula pelecinus,7,5.0,47.29970326
17,Biserrula pelecinus,8,5.0,49.92277992
17,Biserrula pelecinus,9,3.0,60.08818342
17,Biserrula pelecinus,10,5.0,52.79329609
17,Bromus hordeaceus,1,15.0,16.93055556
17,Bromus hordeaceus,2,13.0,20.03311258
17,Bromus hordeaceus,3,15.0,14.02748414
17,Bromus hordeaceus,4,16.0,17.19115735
17,Bromus hordeaceus,5,12.0,11.79104478
17,Bromus hordeaceus,6,17.0,18.60411899
17,Bromus hordeaceus,7,10.0,13.43859649
17,Bromus hordeaceus,8,15.0,19.20852359
17,Bromus hordeaceus,9,20.0,14.7979798
17,Bromus hordeaceus,10,15.0,22.82608696
17,Bromus tectorum,1,23.0,24.65116279
17,Bromus tectorum,2,16.0,18.95833333
17,Bromus tectorum,3,14.0,25.90909091
17,Bromus tectorum,5,17.0,26.88995215
17,Bromus tectorum,6,14.0,22.98020955
17,Bromus tectorum,7,23.0,24.95351926
17,Bromus tectorum,8,32.0,29.76697062
17,Bromus tectorum,9,26.0,27.81462585
17,Bromus tectorum,10,13.0,27.77511962
17,Echium plantagineum,1,23.0,19.73785166
17,Echium plantagineum,2,22.0,19.60504886
17,Echium plantagineum,3,22.0,23.33990148
17,Echium plantagineum,4,23.0,19.13897281
17,Echium plantagineum,5,12.0,23.00567108
17,Echium plantagineum,6,23.0,17.46684957
17,Echium plantagineum,7,24.0,21.06184364
17,Echium plantagineum,8,25.0,22.72282076
17,Echium plantagineum,9,20.0,21.78899083
17,Echium plantagineum,10,21.0,20.63820612
17,Plantago lagopus,1,4.5,23.68387508
17,Plantago lagopus,2,3.2,32.36897275
17,Plantago lagopus,3,5.3,24.62184874
17,Plantago lagopus,4,8.0,20.41818692
17,Plantago lagopus,5,4.2,28.67791842
17,Plantago lagopus,6,4.3,23.58208955
17,Plantago lagopus,7,6.5,22.64678472
17,Plantago lagopus,8,7.0,21.49253731
17,Plantago lagopus,9,3.5,22.5631769
17,Plantago lagopus,10,8.0,30.63260341
17,Vulpia ciliata,1,15.0,40.0
17,Vulpia ciliata,2,10.0,46.76829268
17,Vulpia ciliata,4,7.0,24.81481481
17,Vulpia ciliata,5,16.0,24.75728155
17,Vulpia ciliata,6,11.0,17.89473684
17,Vulpia ciliata,7,10.0,19.90521327
17,Vulpia ciliata,8,13.0,23.85714286
17,Vulpia ciliata,10,10.0,16.84210526
18,Trisetum paniceum,1,19.0,41.30901288
18,Trisetum paniceum,2,15.0,53.46534653
18,Trisetum paniceum,3,14.5,46.0
18,Trisetum paniceum,4,17.0,39.60606061
18,Trisetum paniceum,5,18.0,38.96162528
18,Trisetum paniceum,6,21.0,50.04819277
18,Trisetum paniceum,7,11.0,40.84507042
18,Trisetum paniceum,8,16.0,30.06666667
18,Trisetum paniceum,9,23.0,24.62395543
18,Trisetum paniceum,10,27.0,34.8900463
18,Anthemis arvensis,1,9.0,26.5
18,Anthemis arvensis,2,13.0,23.26446281
18,Anthemis arvensis,3,13.0,26.45933014
18,Anthemis arvensis,4,10.0,26.36645963
18,Anthemis arvensis,5,12.0,30.59171598
18,Anthemis arvensis,6,11.0,29.21606119
18,Anthemis arvensis,7,17.0,29.30722892
18,Anthemis arvensis,8,16.0,30.1056338
18,Anthemis arvensis,9,8.0,27.3902439
18,Anthemis arvensis,10,12.0,28.42245989
18,Dactylis glomerata,1,30.0,22.38341969
18,Dactylis glomerata,2,34.0,23.99699474
18,Dactylis glomerata,3,29.0,30.82962963
18,Dactylis glomerata,4,22.0,40.34178611
18,Dactylis glomerata,5,20.0,27.72209567
18,Dactylis glomerata,6,33.0,21.80163785
18,Dactylis glomerata,7,32.0,26.01419878
18,Dactylis glomerata,8,25.0,26.81782643
18,Dactylis glomerata,9,34.0,22.33384853
18,Dactylis glomerata,10,41.0,32.256
18,Echium plantagineum,1,27.0,22.67778323
18,Echium plantagineum,2,18.0,18.89640812
18,Echium plantagineum,3,16.0,25.58109834
18,Echium plantagineum,4,19.0,21.70474517
18,Echium plantagineum,5,19.0,24.22509225
18,Echium plantagineum,6,25.0,21.19227144
18,Echium plantagineum,7,24.0,20.64611348
18,Echium plantagineum,8,20.0,19.44109241
18,Echium plantagineum,9,25.0,19.50717889
18,Echium plantagineum,10,26.0,20.21682848
18,Plantago lagopus,1,5.3,24.4077961
18,Plantago lagopus,2,4.5,25.1342711
18,Plantago lagopus,3,6.5,26.65657177
18,Plantago lagopus,4,5.2,25.97491448
18,Plantago lagopus,5,4.7,22.94494238
18,Plantago lagopus,6,6.5,22.20140515
18,Plantago lagopus,7,7.5,31.87214612
18,Plantago lagopus,8,7.5,27.67605634
18,Plantago lagopus,9,4.0,28.79818594
18,Plantago lagopus,10,6.0,21.3046815
18,Psilurus incurvus,1,11.0,22.85714286
18,Psilurus incurvus,2,9.0,26.57657658
18,Psilurus incurvus,3,16.0,19.63963964
18,Psilurus incurvus,4,6.0,15.07462687
18,Psilurus incurvus,5,7.0,34.16666667
18,Psilurus incurvus,6,14.0,10.0
18,Psilurus incurvus,7,12.0,46.36363636
18,Psilurus incurvus,8,10.0,13.09859155
18,Psilurus incurvus,9,10.0,31.39344262
18,Psilurus incurvus,10,13.0,54.86486486
18,Trifolium cherleri,1,9.0,24.3877551
18,Trifolium cherleri,2,7.0,26.90176322
18,Trifolium cherleri,3,8.0,25.28557599
18,Trifolium cherleri,4,9.0,23.36185819
18,Trifolium cherleri,5,10.0,23.64955357
18,Trifolium cherleri,6,7.5,24.01904762
18,Trifolium cherleri,7,9.0,22.10892236
18,Trifolium cherleri,8,9.0,21.39534884
18,Trifolium cherleri,9,5.0,22.19858156
18,Trifolium cherleri,10,8.0,27.09631728
18,Vulpia ciliata,1,12.0,31.6064257
18,Vulpia ciliata,2,9.0,51.04575163
18,Vulpia ciliata,3,9.0,65.19230769
18,Vulpia ciliata,4,10.0,57.28571429
18,Vulpia ciliata,5,11.0,38.36363636
18,Vulpia ciliata,6,13.0,38.81355932
18,Vulpia ciliata,7,12.0,39.58677686
18,Vulpia ciliata,8,13.0,40.97560976
18,Vulpia ciliata,9,18.0,40.3236246
18,Vulpia ciliata,10,14.0,41.2345679
19,Trisetum paniceum,1,35.0,25.58679
19,Trisetum paniceum,2,29.0,18.62989
19,Trisetum paniceum,3,14.0,21.79949
19,Trisetum paniceum,4,32.0,20.86253
19,Trisetum paniceum,5,21.0,19.10448
19,Trisetum paniceum,6,30.0,29.07859
19,Trisetum paniceum,7,17.0,30.13834
19,Trisetum paniceum,8,30.0,19.44353
19,Trisetum paniceum,9,20.0,26.29893
19,Trisetum paniceum,10,28.0,23.94146
19,Aegilops triuncialis,1,25.5,18.88485
19,Aegilops triuncialis,2,24.0,18.41842
19,Aegilops triuncialis,3,18.0,20.15296
19,Aegilops triuncialis,4,25.0,19.29672
19,Aegilops triuncialis,5,14.0,19.95671
19,Aegilops triuncialis,6,29.0,17.75652
19,Aegilops triuncialis,7,25.0,18.12395
19,Aegilops triuncialis,8,28.0,15.34949
19,Aegilops triuncialis,9,27.0,18.2992
19,Aegilops triuncialis,10,25.0,18.28947
19,Biserrula pelecinus,1,8.0,30.23069529
19,Biserrula pelecinus,2,5.0,34.66007417
19,Biserrula pelecinus,3,7.0,36.50773196
19,Biserrula pelecinus,4,7.0,32.83121597
19,Biserrula pelecinus,5,4.0,35.21990741
19,Biserrula pelecinus,6,7.5,40.72164948
19,Biserrula pelecinus,7,8.0,29.87091875
19,Biserrula pelecinus,8,10.0,24.49446494
19,Biserrula pelecinus,9,4.0,21.79282869
19,Biserrula pelecinus,10,10.0,26.09552239
19,Echium plantagineum,1,30.5,24.30493274
19,Echium plantagineum,2,25.0,16.41034727
19,Echium plantagineum,3,26.0,20.70253165
19,Echium plantagineum,4,15.5,12.37544611
19,Echium plantagineum,5,22.0,17.93059937
19,Echium plantagineum,6,30.0,25.74528302
19,Echium plantagineum,7,25.0,17.59424263
19,Echium plantagineum,8,19.0,16.77140613
19,Echium plantagineum,9,24.0,16.44171779
19,Echium plantagineum,10,31.0,18.22919068
19,Eryngium campestre,1,30.5,7.03676
19,Eryngium campestre,2,20.0,6.77113
19,Eryngium campestre,3,11.0,8.33162
19,Eryngium campestre,4,15.0,6.87592
19,Eryngium campestre,5,22.0,7.33919
19,Eryngium campestre,6,26.0,7.87031
19,Eryngium campestre,7,23.0,6.0046
19,Eryngium campestre,8,20.0,5.57882
19,Eryngium campestre,9,22.0,5.54435
19,Eryngium campestre,10,24.0,5.80505
19,Plantago lagopus,1,12.0,17.60149399
19,Plantago lagopus,2,11.0,20.69050555
19,Plantago lagopus,3,10.0,14.32176995
19,Plantago lagopus,4,11.0,14.72638833
19,Plantago lagopus,5,11.0,16.80205047
19,Plantago lagopus,6,8.0,18.42442147
19,Plantago lagopus,7,10.0,14.34608985
19,Plantago lagopus,8,7.0,14.33574482
19,Plantago lagopus,10,9.0,17.63346175
19,Vulpia ciliata,1,18.0,20.42026
19,Vulpia ciliata,2,10.0,25.2439
19,Vulpia ciliata,3,21.0,18.52243
19,Vulpia ciliata,4,22.0,17.22222
19,Vulpia ciliata,6,21.0,39.89858
19,Vulpia ciliata,7,20.5,19.73806
19,Vulpia ciliata,8,22.0,20.0641
19,Vulpia ciliata,9,31.0,21.00209
19,Vulpia ciliata,10,18.0,25.36232
20,Trisetum paniceum,1,26.0,36.68269231
20,Trisetum paniceum,2,28.0,32.27651967
20,Trisetum paniceum,3,22.0,53.79403794
20,Trisetum paniceum,4,23.0,35.56962025
20,Trisetum paniceum,5,34.0,27.58454106
20,Trisetum paniceum,6,26.0,40.52516411
20,Trisetum paniceum,7,29.0,33.91104294
20,Trisetum paniceum,8,22.0,31.65289256
20,Trisetum paniceum,9,32.0,25.49152542
20,Trisetum paniceum,10,24.0,47.22222222
20,Anthemis arvensis,1,13.0,22.44306418
20,Anthemis arvensis,2,14.0,28.4751773
20,Anthemis arvensis,3,13.5,32.64550265
20,Anthemis arvensis,4,8.0,31.75257732
20,Anthemis arvensis,5,10.0,17.22222222
20,Anthemis arvensis,6,12.0,29.25373134
20,Anthemis arvensis,7,13.0,26.97068404
20,Anthemis arvensis,8,12.5,23.94052045
20,Anthemis arvensis,9,14.0,29.28571429
20,Anthemis arvensis,10,19.0,31.04619565
20,Biserrula pelecinus,1,10.0,40.27914614
20,Biserrula pelecinus,2,4.0,40.70603338
20,Biserrula pelecinus,3,9.0,45.50058893
20,Biserrula pelecinus,4,7.0,44.00943396
20,Biserrula pelecinus,6,8.2,48.71670702
20,Biserrula pelecinus,7,7.4,34.59813084
20,Biserrula pelecinus,8,9.2,49.4516129
20,Biserrula pelecinus,9,8.4,51.43835616
20,Biserrula pelecinus,10,7.7,50.43589744
20,Crepis capillaris,1,13.0,49.17763158
20,Crepis capillaris,2,10.0,50.7518797
20,Crepis capillaris,3,12.0,48.92053973
20,Crepis capillaris,4,14.0,46.49230769
20,Crepis capillaris,5,12.0,34.61176471
20,Crepis capillaris,6,15.0,41.00543478
20,Crepis capillaris,7,9.0,48.18965517
20,Crepis capillaris,8,14.0,39.01907357
20,Crepis capillaris,9,21.0,42.16171159
20,Crepis capillaris,10,19.0,46.45522388
20,Echium plantagineum,1,15.0,23.55062413
20,Echium plantagineum,2,25.0,19.38500961
20,Echium plantagineum,3,36.0,21.67553191
20,Echium plantagineum,4,28.0,25.28028028
20,Echium plantagineum,5,32.0,17.36156352
20,Echium plantagineum,6,27.0,24.02568398
20,Echium plantagineum,7,40.0,17.55127255
20,Echium plantagineum,8,36.0,17.85766158
20,Echium plantagineum,9,30.0,18.70022124
20,Echium plantagineum,10,32.0,23.72114932
20,Plantago lagopus,1,7.0,30.05134281
20,Plantago lagopus,2,5.0,24.85568761
20,Plantago lagopus,3,4.0,35.51099612
20,Plantago lagopus,4,6.0,38.10880829
20,Plantago lagopus,5,12.0,25.19345832
20,Plantago lagopus,6,6.0,28.82273342
20,Plantago lagopus,7,7.0,27.4295474
20,Plantago lagopus,8,4.0,19.11443358
20,Plantago lagopus,9,7.0,27.37709744
20,Trifolium cherleri,1,5.0,21.60714286
20,Trifolium cherleri,2,4.0,29.42372881
20,Trifolium cherleri,3,8.0,28.06451613
20,Trifolium cherleri,4,6.5,26.39534884
20,Trifolium cherleri,5,9.0,25.64935065
20,Trifolium cherleri,6,9.0,26.54427646
20,Trifolium cherleri,7,8.0,25.72842999
20,Trifolium cherleri,8,8.5,24.59821429
20,Trifolium cherleri,9,7.0,25.72386059
20,Trifolium cherleri,10,5.5,28.51572327
20,Vulpia ciliata,1,20.0,32.18182
20,Vulpia ciliata,3,19.0,15.96774
20,Vulpia ciliata,4,25.0,18.7067
20,Vulpia ciliata,5,23.0,14.58194
20,Vulpia ciliata,6,24.0,22.0
20,Vulpia ciliata,7,20.0,19.45559
20,Vulpia ciliata,8,19.5,24.57547
20,Vulpia ciliata,9,15.0,19.53488
20,Vulpia ciliata,10,17.0,12.65487
21,Trisetum paniceum,1,27.0,20.54766734
21,Trisetum paniceum,2,22.0,23.14569536
21,Trisetum paniceum,3,21.0,26.2
21,Trisetum paniceum,4,29.0,21.56635243
21,Trisetum paniceum,5,24.0,22.21765914
21,Trisetum paniceum,6,22.0,22.12121212
21,Trisetum paniceum,7,20.0,20.6379822
21,Trisetum paniceum,10,18.0,32.70516717
21,Biserrula pelecinus,1,7.0,43.74347826
21,Biserrula pelecinus,2,9.0,32.01205223
21,Biserrula pelecinus,3,18.0,43.67948718
21,Biserrula pelecinus,4,12.0,44.28852782
21,Biserrula pelecinus,5,12.0,40.30428769
21,Biserrula pelecinus,6,17.0,37.77066929
21,Biserrula pelecinus,7,19.0,32.06340819
21,Biserrula pelecinus,8,12.0,41.69359041
21,Biserrula pelecinus,9,8.0,41.36798088
21,Biserrula pelecinus,10,10.0,53.45686161
21,Convolvulus arvensis,1,36.0,27.85509463
21,Convolvulus arvensis,2,11.0,26.29058631
21,Convolvulus arvensis,3,7.0,29.78308622
21,Convolvulus arvensis,4,15.0,32.62238959
21,Convolvulus arvensis,5,22.0,52.76443536
21,Convolvulus arvensis,6,8.0,39.70531956
21,Convolvulus arvensis,7,7.0,34.18200151
21,Convolvulus arvensis,8,5.0,35.02489468
21,Convolvulus arvensis,9,4.0,32.69984326
21,Convolvulus arvensis,10,14.0,28.01623299
21,Dactylis glomerata,1,33.0,19.31648478
21,Dactylis glomerata,2,37.0,23.51893096
21,Dactylis glomerata,3,35.0,23.0399274
21,Dactylis glomerata,4,29.0,18.30097087
21,Dactylis glomerata,5,36.0,35.6545545
21,Dactylis glomerata,6,29.0,32.84638554
21,Dactylis glomerata,7,34.0,28.01446417
21,Dactylis glomerata,8,28.0,31.59975669
21,Dactylis glomerata,9,27.0,33.44827586
21,Dactylis glomerata,10,31.0,31.60866203
21,Echium plantagineum,1,27.0,23.9642209
21,Echium plantagineum,2,24.0,24.96899911
21,Echium plantagineum,3,16.0,21.73823073
21,Echium plantagineum,4,42.0,17.43584643
21,Echium plantagineum,5,29.0,23.69830726
21,Echium plantagineum,6,24.0,21.15604656
21,Echium plantagineum,7,30.0,21.64428312
21,Echium plantagineum,8,33.0,21.26449788
21,Echium plantagineum,9,28.0,23.73611111
21,Echium plantagineum,10,24.0,18.12848343
21,Hordeum murinum,1,21.0,16.80580762
21,Hordeum murinum,2,19.0,28.09579439
21,Hordeum murinum,3,23.0,22.87096774
21,Hordeum murinum,4,17.0,25.14863258
21,Hordeum murinum,6,18.0,53.25783972
21,Hordeum murinum,7,15.0,42.34624146
21,Hordeum murinum,8,23.0,54.3715847
21,Hordeum murinum,9,25.0,50.3373494
21,Hordeum murinum,10,19.0,35.30612245
22,Trisetum paniceum,1,24.0,49.95412844
22,Trisetum paniceum,2,10.0,57.57225434
22,Trisetum paniceum,3,35.0,47.19081272
22,Trisetum paniceum,5,30.0,49.921875
22,Trisetum paniceum,7,22.0,43.23076923
22,Trisetum paniceum,8,22.5,39.13705584
22,Trisetum paniceum,9,28.0,43.46549192
22,Trisetum paniceum,10,20.0,50.51094891
22,Anthemis arvensis,1,17.5,28.25056433
22,Anthemis arvensis,2,10.0,30.078125
22,Anthemis arvensis,3,14.0,26.3654033
22,Anthemis arvensis,4,17.0,32.01877934
22,Anthemis arvensis,5,10.0,29.61945032
22,Anthemis arvensis,6,8.0,37.35930736
22,Anthemis arvensis,7,14.0,27.9462572
22,Anthemis arvensis,8,17.0,33.7628866
22,Anthemis arvensis,9,10.0,32.58293839
22,Anthemis arvensis,10,13.0,31.04294479
22,Biserrula pelecinus,1,12.0,50.03952569
22,Biserrula pelecinus,2,7.8,62.95126354
22,Biserrula pelecinus,3,10.2,59.71744472
22,Biserrula pelecinus,4,5.0,53.65965834
22,Biserrula pelecinus,5,10.0,59.33165195
22,Biserrula pelecinus,6,11.4,58.8252149
22,Biserrula pelecinus,7,7.0,58.12239221
22,Biserrula pelecinus,8,13.0,62.93924466
22,Biserrula pelecinus,9,9.2,61.7853839
22,Biserrula pelecinus,10,12.0,54.74522293
22,Echium plantagineum,1,31.0,23.37116913
22,Echium plantagineum,2,20.0,33.07129799
22,Echium plantagineum,3,28.0,34.84391819
22,Echium plantagineum,4,25.0,20.5474934
22,Echium plantagineum,5,30.0,27.29543497
22,Echium plantagineum,6,37.0,21.45942408
22,Echium plantagineum,7,19.0,27.16276477
22,Echium plantagineum,8,26.0,27.70566728
22,Echium plantagineum,9,41.0,24.3035835
22,Echium plantagineum,10,22.0,27.21721722
22,Trifolium cherleri,1,12.0,35.15810277
22,Trifolium cherleri,2,12.0,34.38444924
22,Trifolium cherleri,3,13.5,38.75524476
22,Trifolium cherleri,4,10.0,29.11699779
22,Trifolium cherleri,5,15.0,26.96864111
22,Trifolium cherleri,6,14.0,32.66393443
22,Trifolium cherleri,7,12.0,36.54736842
22,Trifolium cherleri,8,14.0,28.34196891
22,Trifolium cherleri,9,11.0,27.69767442
22,Trifolium cherleri,10,14.0,27.46376812
22,Trifolium glomeratum,1,10.0,44.41624365
22,Trifolium glomeratum,2,10.0,49.65020576
22,Trifolium glomeratum,3,9.0,39.20634921
22,Trifolium glomeratum,4,12.0,43.99606299
22,Trifolium glomeratum,5,12.0,44.02061856
22,Trifolium glomeratum,6,11.0,53.34051724
22,Trifolium glomeratum,7,14.0,41.21597096
22,Trifolium glomeratum,8,12.0,42.28464419
22,Trifolium glomeratum,9,8.0,49.95689655
22,Trifolium glomeratum,10,11.0,37.71689498
23,Biserrula pelecinus,1,13.3,51.25867195
23,Biserrula pelecinus,2,20.0,36.79634776
23,Biserrula pelecinus,3,13.0,52.7896679
23,Biserrula pelecinus,4,17.1,33.25497288
23,Biserrula pelecinus,5,10.0,39.2469352
23,Biserrula pelecinus,6,8.7,39.99031946
23,Biserrula pelecinus,7,10.0,56.57608696
23,Biserrula pelecinus,8,7.0,53.03231152
23,Biserrula pelecinus,9,12.0,52.12044105
23,Biserrula pelecinus,10,13.0,50.25732666
23,Crepis taraxacifolia,1,23.0,32.31192661
23,Crepis taraxacifolia,2,20.0,34.28399519
23,Crepis taraxacifolia,3,17.0,29.50943396
23,Crepis taraxacifolia,4,32.0,30.05769231
23,Crepis taraxacifolia,5,25.0,31.90518784
23,Crepis taraxacifolia,6,27.0,26.6977887
23,Crepis taraxacifolia,7,17.0,29.20303605
23,Crepis taraxacifolia,8,19.0,31.59277504
23,Crepis taraxacifolia,9,28.0,30.64545047
23,Crepis taraxacifolia,10,24.0,32.42057489
23,Eryngium campestre,1,22.0,14.39885354
23,Eryngium campestre,2,17.0,8.460213441
23,Eryngium campestre,3,18.0,8.569668814
23,Eryngium campestre,4,30.0,8.31745252
23,Eryngium campestre,5,26.0,9.087504588
23,Eryngium campestre,6,21.0,6.885836395
23,Eryngium campestre,7,20.0,11.12672802
23,Eryngium campestre,8,30.0,7.674452515
23,Eryngium campestre,9,27.0,7.819180334
23,Eryngium campestre,10,25.0,9.400590043
23,Plantago lagopus,1,23.0,21.79179494
23,Plantago lagopus,2,25.0,23.97448243
23,Plantago lagopus,3,22.0,24.75558015
23,Plantago lagopus,4,21.0,25.48161492
23,Plantago lagopus,5,14.0,25.46389168
23,Plantago lagopus,6,17.0,24.38612454
23,Plantago lagopus,7,12.0,32.03472932
23,Plantago lagopus,8,14.0,29.85111663
23,Plantago lagopus,9,13.0,28.37511606
23,Plantago lagopus,10,18.0,27.17673304
23,Trifolium cherleri,1,17.0,23.05107527
23,Trifolium cherleri,2,12.0,25.07671781
23,Trifolium cherleri,3,15.0,25.7994186
23,Trifolium cherleri,4,15.0,26.55629139
23,Trifolium cherleri,5,16.0,24.75830816
23,Trifolium cherleri,6,20.0,28.18181818
23,Trifolium cherleri,7,13.0,26.32352941
23,Trifolium cherleri,8,15.0,26.89655172
23,Trifolium cherleri,9,10.0,28.88454012
23,Trifolium cherleri,10,11.0,26.8921095
23,Trifolium glomeratum,1,15.0,31.01123596
23,Trifolium glomeratum,2,12.0,35.33123028
23,Trifolium glomeratum,3,11.0,31.30699088
23,Trifolium glomeratum,4,10.0,42.34615385
23,Trifolium glomeratum,5,9.0,37.82905983
23,Trifolium glomeratum,6,7.0,50.625
23,Trifolium glomeratum,8,6.0,35.70552147
23,Trifolium glomeratum,9,9.0,37.20710059
23,Trifolium glomeratum,10,7.0,38.78734622
24,Aegilops triuncialis,1,29.0,13.06483301
24,Aegilops triuncialis,3,20.0,16.07253886
24,Aegilops triuncialis,4,28.0,13.36814621
24,Aegilops triuncialis,5,29.0,19.01671583
24,Aegilops triuncialis,6,31.0,16.3378545
24,Aegilops triuncialis,7,30.0,18.89084507
24,Aegilops triuncialis,8,23.0,9.823434992
24,Aegilops triuncialis,10,25.0,10.23372287
24,Anthemis arvensis,1,29.0,19.26774483
24,Anthemis arvensis,2,23.0,21.48311688
24,Anthemis arvensis,3,13.0,19.06441718
24,Anthemis arvensis,4,25.0,17.70341981
24,Anthemis arvensis,5,16.0,18.38383838
24,Anthemis arvensis,6,18.0,23.00859599
24,Anthemis arvensis,7,15.0,29.29787234
24,Anthemis arvensis,8,21.0,19.86229508
24,Anthemis arvensis,9,23.0,25.60482135
24,Anthemis arvensis,10,20.0,27.39772727
24,Biserrula pelecinus,1,8.0,33.34579439
24,Biserrula pelecinus,2,10.0,41.04529617
24,Biserrula pelecinus,3,7.0,35.73275862
24,Biserrula pelecinus,4,8.0,34.49560269
24,Biserrula pelecinus,5,9.0,41.12359551
24,Biserrula pelecinus,6,8.0,41.92982456
24,Biserrula pelecinus,7,7.0,40.42925278
24,Biserrula pelecinus,8,11.0,36.42003415
24,Biserrula pelecinus,9,6.0,38.18431912
24,Biserrula pelecinus,10,5.0,40.67567568
24,Bromus hordeaceus,1,15.0,31.04662226
24,Bromus hordeaceus,2,11.0,64.5283
24,Bromus hordeaceus,3,15.0,42.45902
24,Bromus hordeaceus,4,17.0,37.40331492
24,Bromus hordeaceus,5,16.0,37.06319703
24,Bromus hordeaceus,6,15.0,29.18948521
24,Bromus hordeaceus,7,22.0,31.6277678
24,Bromus hordeaceus,8,26.0,29.85748219
24,Bromus hordeaceus,9,14.0,30.87420043
24,Bromus hordeaceus,10,13.0,34.20600858
24,Bromus rubens,1,20.0,26.44642857
24,Bromus rubens,2,18.0,29.29292929
24,Bromus rubens,3,13.0,28.72093023
24,Bromus rubens,4,22.0,34.36320755
24,Bromus rubens,5,12.0,31.36842105
24,Bromus rubens,6,19.0,37.20720721
24,Bromus rubens,7,17.0,36.96172249
24,Bromus rubens,8,15.0,29.36962751
24,Bromus rubens,9,17.0,39.03162055
24,Bromus rubens,10,17.0,34.01433692
24,Eryngium campestre,1,18.0,11.21712
24,Eryngium campestre,2,17.0,13.08292
24,Eryngium campestre,3,12.0,13.6434
24,Eryngium campestre,4,24.0,7.87604
24,Eryngium campestre,5,28.0,9.99014
24,Eryngium campestre,6,27.0,7.26603
24,Eryngium campestre,7,20.0,8.9026
24,Eryngium campestre,8,26.0,6.03535
24,Eryngium campestre,9,29.0,8.97383
24,Eryngium campestre,10,18.0,7.32749
24,Hordeum murinum,1,19.0,39.61656442
24,Hordeum murinum,2,32.0,43.43855693
24,Hordeum murinum,3,18.0,42.11908932
24,Hordeum murinum,4,28.0,32.52857143
24,Hordeum murinum,5,22.0,38.81578947
24,Hordeum murinum,6,28.0,44.05275779
24,Hordeum murinum,7,29.0,35.52030457
24,Hordeum murinum,8,19.0,31.43258427
24,Hordeum murinum,9,29.0,33.19218241
24,Hordeum murinum,10,22.0,51.87594554
24,Medicago sativa,1,18.0,22.37113402
24,Medicago sativa,2,22.0,21.16847826
24,Medicago sativa,3,35.0,21.72957746
24,Medicago sativa,4,17.0,23.19465082
24,Medicago sativa,5,20.0,23.35195531
24,Medicago sativa,6,13.0,29.0625
24,Medicago sativa,7,10.0,23.30508475
24,Medicago sativa,8,12.0,23.8047138
24,Medicago sativa,9,9.0,36.69085631
24,Medicago sativa,10,20.0,20.4573991
25,Anthemis arvensis,1,32.0,31.58666667
25,Anthemis arvensis,2,23.0,33.94216867
25,Anthemis arvensis,3,20.0,30.87641556
25,Anthemis arvensis,4,21.0,29.21686747
25,Anthemis arvensis,5,22.0,36.81143485
25,Anthemis arvensis,6,23.0,34.55592105
25,Anthemis arvensis,7,20.0,28.57664234
25,Anthemis arvensis,8,21.0,23.95245171
25,Anthemis arvensis,9,15.0,31.93641618
25,Anthemis arvensis,10,15.0,32.04724409
25,Biserrula pelecinus,1,9.0,55.6372549
25,Biserrula pelecinus,2,4.0,55.40540541
25,Biserrula pelecinus,3,7.0,61.22602168
25,Biserrula pelecinus,4,8.5,61.94410693
25,Biserrula pelecinus,5,9.0,57.27152318
25,Biserrula pelecinus,6,6.0,54.41517387
25,Biserrula pelecinus,7,5.0,58.68247694
25,Biserrula pelecinus,8,6.0,52.86504425
25,Biserrula pelecinus,9,11.0,50.6568779
25,Biserrula pelecinus,10,8.5,56.2875817
25,Dactylis glomerata,1,29.0,29.23497268
25,Dactylis glomerata,2,16.0,35.19736842
25,Dactylis glomerata,3,23.0,28.34306957
25,Dactylis glomerata,4,39.0,24.7761194
25,Dactylis glomerata,5,33.0,26.71970051
25,Dactylis glomerata,6,35.0,20.0
25,Dactylis glomerata,7,30.0,37.28172293
25,Dactylis glomerata,8,24.0,31.61745828
25,Dactylis glomerata,9,15.0,27.39856802
25,Dactylis glomerata,10,24.0,18.53932584
25,Echium plantagineum,1,25.0,30.8040201
25,Echium plantagineum,2,33.0,32.04259018
25,Echium plantagineum,3,30.0,29.71108704
25,Echium plantagineum,4,22.0,33.61512792
25,Echium plantagineum,5,39.0,26.30126485
25,Echium plantagineum,6,23.0,29.42587832
25,Echium plantagineum,7,32.0,28.33690987
25,Echium plantagineum,8,25.0,36.42135642
25,Echium plantagineum,9,35.0,27.07776636
25,Echium plantagineum,10,21.0,23.77893951
25,Hordeum murinum,1,20.0,27.09382151
25,Hordeum murinum,2,32.0,39.68627451
25,Hordeum murinum,3,13.0,24.10105758
25,Hordeum murinum,4,20.0,37.62677485
25,Hordeum murinum,5,24.0,35.66666667
25,Hordeum murinum,6,25.0,26.79849341
25,Hordeum murinum,7,33.0,30.76923077
25,Hordeum murinum,8,18.0,21.45756458
25,Hordeum murinum,9,27.0,19.51515152
25,Hordeum murinum,10,26.0,22.75541796
25,Medicago sativa,1,10.0,33.8989899
25,Medicago sativa,2,19.0,27.27344992
25,Medicago sativa,3,10.0,39.39278937
25,Medicago sativa,4,11.0,41.91637631
25,Medicago sativa,5,14.0,30.31822565
25,Medicago sativa,6,7.0,27.66876688
25,Medicago sativa,7,4.0,31.95694716
25,Medicago sativa,8,9.0,32.66932271
25,Medicago sativa,9,20.0,32.7607362
25,Medicago sativa,10,16.0,32.46334311
25,Sisymbrium officinale,1,25.0,49.14529915
25,Sisymbrium officinale,2,24.0,41.54228856
25,Sisymbrium officinale,3,29.0,41.80338983
25,Sisymbrium officinale,4,32.0,33.48677767
25,Sisymbrium officinale,5,32.0,36.10301263
25,Sisymbrium officinale,7,24.0,23.12585499
25,Sisymbrium officinale,8,37.0,31.49691358
25,Sisymbrium officinale,9,29.0,34.20408163
25,Sisymbrium officinale,10,35.0,43.33333333
26,Avena barbata,1,50.0,14.89437
26,Avena barbata,2,37.0,24.87005
26,Avena barbata,3,35.0,24.76208
26,Avena barbata,4,33.0,21.13572
26,Avena barbata,5,32.0,19.15563
26,Avena barbata,6,37.0,21.55738
26,Avena barbata,7,40.0,27.11878
26,Avena barbata,8,38.0,26.29844
26,Avena barbata,9,33.0,21.41778
26,Avena barbata,10,29.0,20.28218
26,Biserrula pelecinus,1,9.0,40.26882
26,Biserrula pelecinus,2,10.0,37.32216
26,Biserrula pelecinus,3,5.0,35.50567
26,Biserrula pelecinus,4,7.0,34.37469
26,Biserrula pelecinus,5,10.0,41.65385
26,Biserrula pelecinus,6,6.0,45.47497
26,Biserrula pelecinus,7,7.0,33.81447
26,Biserrula pelecinus,8,4.0,48.84855
26,Biserrula pelecinus,9,8.0,44.71936
26,Biserrula pelecinus,10,6.0,39.54198
26,Bromus hordeaceus,1,18.0,30.31362
26,Bromus hordeaceus,2,14.0,46.07273
26,Bromus hordeaceus,3,13.0,31.24654
26,Bromus hordeaceus,4,17.0,27.94585
26,Bromus hordeaceus,5,15.0,39.49153
26,Bromus hordeaceus,6,13.0,36.55773
26,Bromus hordeaceus,7,10.0,43.8
26,Bromus hordeaceus,8,19.0,33.81974
26,Bromus hordeaceus,9,10.0,38.91304
26,Bromus hordeaceus,10,10.0,36.30522
26,Bromus rubens,1,17.0,26.88889
26,Bromus rubens,2,18.0,34.97053
26,Bromus rubens,3,17.0,28.99461
26,Bromus rubens,4,10.0,60.0
26,Bromus rubens,5,11.0,32.78947
26,Bromus rubens,6,16.0,31.56118
26,Bromus rubens,7,22.0,26.6087
26,Bromus rubens,8,13.0,34.42857
26,Bromus rubens,10,5.0,33.78788
26,Crepis capillaris,1,17.0,42.45041
26,Crepis capillaris,2,20.0,47.75114
26,Crepis capillaris,3,23.0,52.56744
26,Crepis capillaris,4,21.0,58.9016
26,Crepis capillaris,5,22.0,48.06763
26,Crepis capillaris,6,15.0,37.18013
26,Crepis capillaris,7,10.0,48.75723
26,Crepis capillaris,8,15.0,62.67559
26,Crepis capillaris,9,14.0,44.92126
26,Crepis capillaris,10,18.0,52.23392
26,Eryngium campestre,1,19.0,8.24972
26,Eryngium campestre,2,11.0,11.15512
26,Eryngium campestre,3,23.0,6.98138
26,Eryngium campestre,4,26.0,7.72618
26,Eryngium campestre,5,24.0,6.32985
26,Eryngium campestre,6,21.0,6.59044
26,Eryngium campestre,7,12.0,10.58454
26,Eryngium campestre,8,17.0,8.53229
26,Eryngium campestre,9,18.0,7.80725
26,Eryngium campestre,10,26.0,6.95771
26,Hordeum murinum,1,21.0,30.77014
26,Hordeum murinum,2,15.0,35.72491
26,Hordeum murinum,3,25.0,34.21166
26,Hordeum murinum,4,20.0,46.86275
26,Hordeum murinum,5,25.0,31.27877
26,Hordeum murinum,6,21.0,31.34106
26,Hordeum murinum,7,24.0,33.75
26,Hordeum murinum,8,25.0,31.08108
26,Hordeum murinum,9,27.0,37.89264
26,Hordeum murinum,10,19.0,34.30868
26,Trifolium glomeratum,1,5.0,30.84821
26,Trifolium glomeratum,2,7.0,25.98784
26,Trifolium glomeratum,4,8.0,25.58621
26,Trifolium glomeratum,5,10.0,26.48415
26,Trifolium glomeratum,7,3.0,48.98132
26,Trifolium glomeratum,8,6.0,33.20755
26,Trifolium glomeratum,9,6.0,32.87952
26,Trifolium glomeratum,10,5.5,33.79009
27,Bromus hordeaceus,1,11.0,30.58511
27,Bromus hordeaceus,2,9.0,24.34426
27,Bromus hordeaceus,3,6.0,18.88889
27,Bromus hordeaceus,4,9.0,27.01754
27,Bromus hordeaceus,5,10.0,29.56311
27,Bromus hordeaceus,6,10.0,23.01205
27,Bromus hordeaceus,7,10.0,25.45455
27,Bromus hordeaceus,8,12.0,30.12579
27,Bromus hordeaceus,9,8.0,36.5
27,Bromus hordeaceus,10,10.0,22.56039
27,Bromus rubens,1,12.0,37.16738
27,Bromus rubens,2,14.0,27.07415
27,Bromus rubens,3,11.0,32.24607
27,Bromus rubens,4,11.5,28.30156
27,Bromus rubens,5,9.0,29.96337
27,Bromus rubens,6,10.0,32.98361
27,Bromus rubens,7,11.0,30.0463
27,Bromus rubens,8,11.5,29.45409
27,Bromus rubens,9,14.0,34.45804
27,Bromus rubens,10,14.0,20.09202
27,Echium plantagineum,1,35.0,21.49153625
27,Echium plantagineum,2,33.0,17.51559633
27,Echium plantagineum,3,32.0,23.97712834
27,Echium plantagineum,4,32.0,20.5499827
27,Echium plantagineum,5,33.0,19.74049708
27,Echium plantagineum,6,36.0,21.3278856
27,Echium plantagineum,7,31.0,21.22409073
27,Echium plantagineum,8,35.0,31.64295875
27,Echium plantagineum,9,25.0,18.48859117
27,Echium plantagineum,10,34.0,21.88141769
27,Hordeum murinum,1,8.0,27.77465
27,Hordeum murinum,2,16.0,48.8946
27,Hordeum murinum,3,19.0,47.77228
27,Hordeum murinum,4,19.0,31.2368
27,Hordeum murinum,5,23.0,41.9337
27,Hordeum murinum,6,20.0,33.48028
27,Hordeum murinum,7,20.0,37.74194
27,Hordeum murinum,9,16.0,32.84302
27,Hordeum murinum,10,16.0,37.92049
27,Plantago lagopus,1,11.5,35.27499
27,Plantago lagopus,2,12.0,29.48052
27,Plantago lagopus,3,10.5,27.21927
27,Plantago lagopus,4,6.0,32.68229
27,Plantago lagopus,5,12.0,30.39541
27,Plantago lagopus,6,13.0,23.88787
27,Plantago lagopus,7,12.0,28.0253
27,Plantago lagopus,8,10.0,41.50233
27,Plantago lagopus,9,10.0,29.77429
27,Plantago lagopus,10,9.0,30.03797
27,Sisymbrium cavanillesianum,1,49.0,18.751
27,Sisymbrium cavanillesianum,2,42.0,23.67244
27,Sisymbrium cavanillesianum,3,38.0,20.87982
27,Sisymbrium cavanillesianum,4,40.0,17.15592
27,Sisymbrium cavanillesianum,5,23.0,12.10473
27,Sisymbrium cavanillesianum,6,39.0,14.14909
27,Sisymbrium cavanillesianum,7,22.0,25.109
27,Sisymbrium cavanillesianum,8,36.0,23.33558
27,Sisymbrium cavanillesianum,9,35.0,16.87208
27,Sisymbrium cavanillesianum,10,28.0,20.09675
27,Trifolium striatum,1,5.3,22.35
27,Trifolium striatum,2,4.8,23.69863
27,Trifolium striatum,3,3.2,24.57505
27,Trifolium striatum,4,3.1,22.91667
27,Trifolium striatum,5,3.3,23.89587
27,Trifolium striatum,6,3.8,22.44131
27,Trifolium striatum,7,3.0,24.39589
27,Trifolium striatum,8,3.6,26.70886
27,Trifolium striatum,9,4.5,20.98063
27,Trifolium striatum,10,6.0,18.25635
28,Bromus hordeaceus,1,11.0,38.19876
28,Bromus hordeaceus,2,13.0,31.38728
28,Bromus hordeaceus,3,14.0,25.25424
28,Bromus hordeaceus,4,13.0,35.59738
28,Bromus hordeaceus,5,11.0,28.65991
28,Bromus hordeaceus,7,10.0,29.10658
28,Bromus hordeaceus,8,14.0,25.42063
28,Bromus hordeaceus,9,10.0,29.90588
28,Bromus hordeaceus,10,10.0,22.7139
28,Bromus rubens,1,15.0,29.18327
28,Bromus rubens,2,11.0,38.74704
28,Bromus rubens,3,11.0,40.67692
28,Bromus rubens,4,9.0,45.91054
28,Bromus rubens,5,13.0,32.7762
28,Bromus rubens,6,11.0,48.98936
28,Bromus rubens,7,13.0,48.0
28,Bromus rubens,8,9.0,46.1745
28,Bromus rubens,10,16.0,53.91304
28,Echium plantagineum,1,22.0,22.93181
28,Echium plantagineum,2,25.0,25.6142
28,Echium plantagineum,3,35.0,20.77589
28,Echium plantagineum,4,25.0,26.51476
28,Echium plantagineum,5,28.0,28.74431
28,Echium plantagineum,6,26.0,28.20372
28,Echium plantagineum,7,31.0,23.13679
28,Echium plantagineum,8,33.0,24.76703
28,Echium plantagineum,9,36.0,24.68335
28,Echium plantagineum,10,44.0,25.37292
28,Hordeum murinum,1,20.0,23.63314
28,Hordeum murinum,2,13.0,61.17994
28,Hordeum murinum,3,18.0,28.78182
28,Hordeum murinum,4,22.0,24.26404
28,Hordeum murinum,5,26.0,25.35865
28,Hordeum murinum,6,22.0,33.66013
28,Hordeum murinum,7,25.0,28.28921
28,Hordeum murinum,8,23.0,35.31469
28,Hordeum murinum,9,24.0,30.99836
28,Hordeum murinum,10,23.0,46.633
28,Medicago sativa,1,13.0,21.09565217
28,Medicago sativa,2,15.0,21.94316436
28,Medicago sativa,3,14.0,20.94683176
28,Medicago sativa,4,15.0,20.55688146
28,Medicago sativa,5,18.0,19.23339844
28,Medicago sativa,6,15.0,21.95269527
28,Medicago sativa,7,17.0,18.42056075
28,Medicago sativa,8,13.0,21.29372937
28,Medicago sativa,9,19.0,20.8309318
28,Medicago sativa,10,18.0,22.5313717
29,Bromus hordeaceus,1,14.0,37.82979
29,Bromus hordeaceus,2,12.0,38.83663
29,Bromus hordeaceus,3,19.0,56.87259
29,Bromus hordeaceus,4,17.0,40.91052
29,Bromus hordeaceus,5,13.0,43.27795
29,Bromus hordeaceus,6,12.0,25.33546
29,Bromus hordeaceus,7,19.0,29.95392
29,Bromus hordeaceus,8,12.0,30.78498
29,Bromus hordeaceus,9,13.0,27.57576
29,Bromus hordeaceus,10,13.0,26.89231
29,Bromus rubens,1,17.0,35.30639
29,Bromus rubens,2,21.0,26.65208
29,Bromus rubens,3,13.0,26.42857
29,Bromus rubens,4,17.0,24.63731
29,Bromus rubens,5,20.0,25.66131
29,Bromus rubens,6,16.0,23.26087
29,Bromus rubens,7,16.0,24.47552
29,Bromus rubens,8,15.0,16.00791
29,Bromus rubens,9,17.0,27.78656
29,Bromus rubens,10,16.0,29.3586
29,Dactylis glomerata,1,42.0,22.75352355
29,Dactylis glomerata,2,24.0,19.13990826
29,Dactylis glomerata,3,33.0,30.8811749
29,Dactylis glomerata,4,35.0,27.76152482
29,Dactylis glomerata,5,33.0,21.56357388
29,Dactylis glomerata,6,32.0,26.49536647
29,Dactylis glomerata,7,28.0,27.6
29,Dactylis glomerata,8,30.0,29.96734694
29,Dactylis glomerata,9,31.0,17.09219858
29,Dactylis glomerata,10,36.0,16.69197912
29,Echium plantagineum,1,35.0,24.81953291
29,Echium plantagineum,2,32.0,23.50107527
29,Echium plantagineum,3,38.0,26.10068259
29,Echium plantagineum,4,41.0,26.16026711
29,Echium plantagineum,5,39.0,24.8199853
29,Echium plantagineum,6,37.0,23.9986124
29,Echium plantagineum,7,42.0,24.32811212
29,Echium plantagineum,8,39.0,22.73603857
29,Echium plantagineum,9,49.0,22.96973962
29,Echium plantagineum,10,45.0,20.09879254
29,Silene vulgaris,1,17.0,25.16468435
29,Silene vulgaris,2,20.0,25.50697085
29,Silene vulgaris,3,8.0,30.50356506
29,Silene vulgaris,4,11.0,28.82352941
29,Silene vulgaris,5,10.0,34.63314097
29,Silene vulgaris,6,9.0,37.08301009
29,Silene vulgaris,7,10.0,28.87613293
29,Silene vulgaris,8,8.0,38.48484848
29,Silene vulgaris,9,9.0,41.03383459
29,Silene vulgaris,10,10.0,48.71485944
30,Anthemis arvensis,1,17.0,24.98559078
30,Anthemis arvensis,2,37.0,23.34934277
30,Anthemis arvensis,3,24.0,25.18915511
30,Anthemis arvensis,4,27.0,20.66233766
30,Anthemis arvensis,5,23.0,18.89566396
30,Anthemis arvensis,6,33.0,21.14952771
30,Anthemis arvensis,7,28.0,24.03375068
30,Anthemis arvensis,8,22.0,25.86267606
30,Anthemis arvensis,9,17.0,37.08154506
30,Anthemis arvensis,10,17.0,28.27547592
30,Bromus rubens,1,32.0,34.93961353
30,Bromus rubens,2,15.0,39.04411765
30,Bromus rubens,4,11.0,40.39726027
30,Bromus rubens,5,12.0,43.80530973
30,Bromus rubens,6,10.0,46.0483871
30,Bromus rubens,7,13.0,38.88888889
30,Bromus rubens,9,11.0,42.15805471
30,Bromus rubens,10,12.0,41.87242798
30,Bromus tectorum,2,24.0,14.95742668
30,Bromus tectorum,3,23.0,25.64154786
30,Bromus tectorum,4,29.0,30.82655827
30,Bromus tectorum,5,23.0,36.84210526
30,Bromus tectorum,6,19.0,32.4009324
30,Bromus tectorum,7,21.0,29.75912976
30,Bromus tectorum,8,21.0,23.59447005
30,Bromus tectorum,9,19.0,27.80185759
30,Bromus tectorum,10,20.0,51.64126612
30,Plantago lagopus,1,17.0,23.82611158
30,Plantago lagopus,2,10.0,24.94523731
30,Plantago lagopus,3,12.0,27.4398121
30,Plantago lagopus,4,13.0,26.61189358
30,Plantago lagopus,5,10.0,22.77902063
30,Plantago lagopus,6,13.0,23.60848636
30,Plantago lagopus,7,9.0,31.82762601
30,Plantago lagopus,8,10.0,28.62496222
30,Plantago lagopus,9,12.0,30.53608726
30,Plantago lagopus,10,13.0,23.86621718
31,Anthemis arvensis,1,18.0,22.13507625
31,Anthemis arvensis,2,22.0,27.91869919
31,Anthemis arvensis,3,20.0,27.97966963
31,Anthemis arvensis,4,23.0,24.45967742
31,Anthemis arvensis,5,23.0,27.51861042
31,Anthemis arvensis,6,30.0,21.19760479
31,Anthemis arvensis,7,16.0,24.5540797
31,Anthemis arvensis,8,20.0,30.30042918
31,Anthemis arvensis,9,19.0,32.48044693
31,Anthemis arvensis,10,15.0,29.00921659
31,Biserrula pelecinus,1,8.0,44.01206637
31,Biserrula pelecinus,2,9.0,41.95571956
31,Biserrula pelecinus,3,7.0,44.54361055
31,Biserrula pelecinus,4,4.3,29.21299639
31,Biserrula pelecinus,5,7.5,34.36060365
31,Biserrula pelecinus,6,5.2,48.00792864
31,Biserrula pelecinus,7,7.1,39.96815287
31,Biserrula pelecinus,8,12.0,49.84761905
31,Biserrula pelecinus,9,9.5,53.52731591
31,Biserrula pelecinus,10,7.3,45.43650794
31,Bromus rubens,1,11.0,32.77202073
31,Bromus rubens,2,13.0,37.90229885
31,Bromus rubens,3,17.0,38.48857645
31,Bromus rubens,4,9.0,27.48427673
31,Bromus rubens,5,12.0,27.77150917
31,Bromus rubens,6,15.0,26.36363636
31,Bromus rubens,7,13.0,25.83657588
31,Bromus rubens,8,15.0,31.37524558
31,Bromus rubens,9,14.0,33.1127451
31,Bromus rubens,10,10.0,40.52109181
31,Medicago sativa,1,13.0,24.52423698
31,Medicago sativa,2,8.0,34.10628019
31,Medicago sativa,3,15.0,27.08182476
31,Medicago sativa,4,16.0,18.4
31,Medicago sativa,5,12.0,23.35892514
31,Medicago sativa,6,13.0,20.15961692
31,Medicago sativa,7,14.0,31.27764128
31,Medicago sativa,8,10.0,34.90486258
31,Medicago sativa,9,9.0,29.52655889
31,Medicago sativa,10,13.0,28.61236802
31,Plantago lagopus,1,9.0,34.44279346
31,Plantago lagopus,2,14.0,34.88623216
31,Plantago lagopus,3,13.0,24.26768278
31,Plantago lagopus,4,14.0,25.8028169
31,Plantago lagopus,5,13.5,24.96767608
31,Plantago lagopus,6,12.0,32.34866828
31,Plantago lagopus,7,15.0,26.24009424
31,Plantago lagopus,8,14.5,30.83288984
31,Plantago lagopus,9,12.0,34.02548726
31,Plantago lagopus,10,14.0,24.61887377
31,Trifolium cherleri,1,8.0,23.26047359
31,Trifolium cherleri,2,6.0,25.10578279
31,Trifolium cherleri,3,7.0,27.3525557
31,Trifolium cherleri,4,5.0,26.46258503
31,Trifolium cherleri,5,3.5,23.07593308
31,Trifolium cherleri,6,9.0,23.93678161
31,Trifolium cherleri,7,10.0,21.96581197
31,Trifolium cherleri,8,4.0,21.81818182
31,Trifolium cherleri,9,8.0,26.28865979
31,Trifolium cherleri,10,9.0,22.15246637
32,Biserrula pelecinus,1,10.4,45.13586957
32,Biserrula pelecinus,2,6.8,42.71055179
32,Biserrula pelecinus,3,8.5,48.05479452
32,Biserrula pelecinus,4,7.5,46.47460938
32,Biserrula pelecinus,5,7.3,37.84539474
32,Biserrula pelecinus,6,10.4,41.93014706
32,Biserrula pelecinus,7,14.6,46.6446281
32,Biserrula pelecinus,8,8.9,53.88338834
32,Biserrula pelecinus,9,14.0,45.6640625
32,Biserrula pelecinus,10,8.0,43.72246696
32,Bromus rubens,1,17.0,41.1299435
32,Bromus rubens,2,19.0,37.35
32,Bromus rubens,3,12.0,44.62686567
32,Bromus rubens,4,11.0,34.8
32,Bromus rubens,5,14.0,23.60824742
32,Bromus rubens,6,13.0,23.22097378
32,Bromus rubens,7,12.0,45.35175879
32,Bromus rubens,8,14.0,61.53846154
32,Bromus rubens,9,12.0,24.9122807
32,Bromus rubens,10,10.0,36.34831461
32,Crepis taraxacifolia,1,10.5,38.06310254
32,Crepis taraxacifolia,2,21.0,25.65699659
32,Crepis taraxacifolia,3,23.0,36.68091168
32,Crepis taraxacifolia,4,16.0,34.81654436
32,Crepis taraxacifolia,5,22.0,34.47508897
32,Crepis taraxacifolia,6,24.0,30.4712813
32,Crepis taraxacifolia,7,28.0,46.75359412
32,Crepis taraxacifolia,8,27.0,43.00911854
32,Crepis taraxacifolia,10,34.0,34.49263039
32,Dactylis glomerata,1,35.0,32.77254374
32,Dactylis glomerata,2,38.0,29.52008346
32,Dactylis glomerata,3,34.0,26.96854664
32,Dactylis glomerata,4,29.0,27.33974359
32,Dactylis glomerata,5,28.0,30.67687747
32,Dactylis glomerata,6,34.0,27.5798572
32,Dactylis glomerata,7,28.0,42.42730721
32,Dactylis glomerata,8,37.0,39.86136227
32,Dactylis glomerata,9,26.0,33.1640625
32,Dactylis glomerata,10,28.0,30.79311509
32,Hordeum murinum,1,17.0,41.5835141
32,Hordeum murinum,2,15.0,32.45945946
32,Hordeum murinum,4,16.0,37.95620438
32,Hordeum murinum,5,18.0,47.99418605
32,Hordeum murinum,6,19.0,43.6779661
32,Hordeum murinum,8,23.0,36.16060226
32,Hordeum murinum,9,24.0,56.0252809
32,Hordeum murinum,10,22.0,40.97772277
32,Plantago lagopus,1,13.0,30.11122995
32,Plantago lagopus,2,9.0,34.47619048
32,Plantago lagopus,3,7.5,25.23752495
32,Plantago lagopus,4,6.4,33.6217747
32,Plantago lagopus,5,14.0,24.7978033
32,Plantago lagopus,6,9.8,33.09304275
32,Plantago lagopus,7,6.5,31.23278689
32,Plantago lagopus,8,9.5,26.89989236
32,Plantago lagopus,9,7.5,34.86346516
32,Plantago lagopus,10,15.0,25.06762352
32,Trifolium striatum,1,7.9,35.02752294
32,Trifolium striatum,2,4.5,45.05338078
32,Trifolium striatum,3,9.8,36.1627907
32,Trifolium striatum,4,4.5,30.83333333
32,Trifolium striatum,5,7.5,37.89855072
32,Trifolium striatum,6,4.8,33.12127237
32,Trifolium striatum,7,6.2,34.40425532
32,Trifolium striatum,8,5.5,34.31372549
32,Trifolium striatum,9,5.7,37.0
32,Trifolium striatum,10,4.8,46.02409639
33,Biserrula pelecinus,1,7.2,35.5036855
33,Biserrula pelecinus,2,9.0,44.08080808
33,Biserrula pelecinus,3,7.0,53.80434783
33,Biserrula pelecinus,4,6.0,37.74350649
33,Biserrula pelecinus,5,6.6,34.81958763
33,Biserrula pelecinus,6,7.0,39.09722222
33,Biserrula pelecinus,7,7.6,30.89285714
33,Biserrula pelecinus,8,8.0,46.61473088
33,Biserrula pelecinus,9,9.0,48.96576839
33,Biserrula pelecinus,10,5.0,30.87301587
33,Bromus hordeaceus,1,11.0,25.11166
33,Bromus hordeaceus,2,15.0,24.72403
33,Bromus hordeaceus,3,16.0,28.23661
33,Bromus hordeaceus,4,18.0,24.44736842
33,Bromus hordeaceus,5,18.0,31.20098
33,Bromus hordeaceus,6,16.0,27.98507
33,Bromus hordeaceus,7,14.0,27.51412
33,Bromus hordeaceus,8,11.0,32.72446
33,Bromus hordeaceus,10,13.0,31.36957
33,Bromus rubens,1,14.5,28.35294
33,Bromus rubens,4,12.0,22.47059
33,Bromus rubens,5,12.0,31.5258
33,Bromus rubens,6,9.0,24.85944
33,Bromus rubens,7,15.0,34.15385
33,Bromus rubens,8,12.5,37.51799
33,Bromus rubens,9,14.0,29.76744
33,Bromus rubens,10,10.5,22.01005
33,Crepis taraxacifolia,1,12.0,43.6344086
33,Crepis taraxacifolia,2,19.0,32.43902439
33,Crepis taraxacifolia,3,12.0,45.3313253
33,Echium plantagineum,1,24.0,25.9400545
33,Echium plantagineum,2,26.0,20.64822818
33,Echium plantagineum,3,37.0,23.48079162
33,Echium plantagineum,4,23.0,29.11088911
33,Echium plantagineum,5,25.0,23.63963964
33,Echium plantagineum,6,28.0,26.91756272
33,Echium plantagineum,7,28.0,21.11226611
33,Echium plantagineum,8,24.0,26.86294416
33,Echium plantagineum,9,29.0,22.28198859
33,Echium plantagineum,10,26.0,21.89721159
33,Plantago lagopus,1,7.0,30.48453608
33,Plantago lagopus,2,8.0,32.80155642
33,Plantago lagopus,3,6.0,31.80911681
33,Plantago lagopus,4,7.0,30.90391697
33,Plantago lagopus,5,8.0,35.00521921
33,Plantago lagopus,6,9.0,28.28453453
33,Plantago lagopus,7,7.0,31.97204194
33,Plantago lagopus,8,6.0,35.15355805
33,Plantago lagopus,9,11.0,27.45957711
33,Plantago lagopus,10,6.5,26.37640449
33,Trifolium cherleri,1,13.0,25.90111643
33,Trifolium cherleri,2,8.0,30.32894737
33,Trifolium cherleri,3,10.5,26.94980695
33,Trifolium cherleri,4,10.4,27.15930902
33,Trifolium cherleri,5,10.2,20.94736842
33,Trifolium cherleri,6,11.0,30.0
33,Trifolium cherleri,7,9.7,30.86560364
33,Trifolium cherleri,8,5.3,29.17431193
33,Trifolium cherleri,9,7.0,34.35114504
33,Trifolium cherleri,10,8.1,34.67248908
34,Anthemis arvensis,1,26.0,33.93034826
34,Anthemis arvensis,2,28.0,27.41193386
34,Anthemis arvensis,3,24.0,28.49584278
34,Anthemis arvensis,4,24.0,21.5503463
34,Anthemis arvensis,5,19.0,43.7236534
34,Anthemis arvensis,6,16.0,34.48818898
34,Anthemis arvensis,7,22.0,23.58865248
34,Anthemis arvensis,8,15.0,40.29411765
34,Anthemis arvensis,9,24.0,31.5
34,Anthemis arvensis,10,22.0,33.63709677
34,Biserrula pelecinus,1,6.8,36.1618799
34,Biserrula pelecinus,2,7.2,38.19753086
34,Biserrula pelecinus,3,7.7,38.98510242
34,Biserrula pelecinus,4,7.5,40.32631579
34,Biserrula pelecinus,5,8.0,31.76470588
34,Biserrula pelecinus,6,8.0,41.40522876
34,Biserrula pelecinus,7,6.1,31.8115942
34,Biserrula pelecinus,8,7.3,34.94396015
34,Biserrula pelecinus,9,8.1,31.57419355
34,Biserrula pelecinus,10,7.5,37.60869565
34,Bromus rubens,1,15.0,35.61715481
34,Bromus rubens,3,15.0,21.04133545
34,Bromus rubens,4,18.0,21.94388778
34,Bromus rubens,5,15.0,37.54571704
34,Bromus rubens,6,15.0,34.2038835
34,Bromus rubens,7,15.0,36.19119879
34,Bromus rubens,9,12.0,29.5264624
34,Bromus rubens,10,13.0,39.89296636
34,Neatostema apulum,1,12.0,22.51207729
34,Neatostema apulum,2,11.0,32.8125
34,Neatostema apulum,3,8.0,21.71428571
34,Neatostema apulum,4,9.0,21.55555556
34,Neatostema apulum,5,9.0,24.35797665
34,Neatostema apulum,6,10.0,29.00584795
34,Neatostema apulum,7,11.0,23.34763948
34,Neatostema apulum,8,11.0,28.85542169
34,Neatostema apulum,9,10.0,23.33333333
34,Neatostema apulum,10,13.0,26.59340659
34,Ornithopus compressus,1,11.0,20.97560976
34,Ornithopus compressus,2,14.0,31.35062129
34,Ornithopus compressus,3,21.0,35.7219973
34,Ornithopus compressus,4,21.0,40.38854806
34,Ornithopus compressus,5,20.0,38.04036458
34,Ornithopus compressus,6,29.0,31.64992826
34,Ornithopus compressus,7,18.0,33.62606232
34,Ornithopus compressus,8,15.0,36.79079956
34,Ornithopus compressus,9,21.0,38.76779847
34,Ornithopus compressus,10,19.0,42.0
34,Plantago lagopus,1,12.0,29.47521866
34,Plantago lagopus,2,11.0,31.56203658
34,Plantago lagopus,3,11.5,32.12008282
34,Plantago lagopus,4,12.0,35.06057269
34,Plantago lagopus,5,9.0,30.44240733
34,Plantago lagopus,6,9.0,32.04696673
34,Plantago lagopus,7,12.0,30.75968992
34,Plantago lagopus,8,8.5,38.33003953
34,Plantago lagopus,9,10.0,33.83189122
34,Plantago lagopus,10,10.0,30.73484385
34,Trifolium cherleri,1,11.0,31.07394366
34,Trifolium cherleri,2,13.0,40.06097561
34,Trifolium cherleri,3,11.0,33.32987552
34,Trifolium cherleri,4,14.0,36.17021277
34,Trifolium cherleri,5,10.0,35.63467492
34,Trifolium cherleri,6,14.0,35.49228944
34,Trifolium cherleri,7,13.0,33.60131255
34,Trifolium cherleri,8,11.0,36.33653846
34,Trifolium cherleri,9,12.0,31.98113208
34,Trifolium cherleri,10,13.0,35.05747126
35,Anthemis arvensis,1,18.0,21.42241379
35,Anthemis arvensis,2,15.0,31.6954023
35,Anthemis arvensis,3,13.0,35.36585366
35,Anthemis arvensis,4,13.5,37.8
35,Anthemis arvensis,5,10.0,30.72033898
35,Anthemis arvensis,6,14.0,36.77165354
35,Anthemis arvensis,7,13.0,34.03508772
35,Anthemis arvensis,8,10.0,32.20779221
35,Anthemis arvensis,9,9.8,28.02325581
35,Anthemis arvensis,10,14.0,25.42677448
35,Bromus hordeaceus,1,5.5,42.76699029
35,Bromus hordeaceus,2,6.0,48.10526316
35,Bromus hordeaceus,3,9.0,40.781893
35,Bromus hordeaceus,4,9.5,37.62402089
35,Bromus hordeaceus,5,6.3,43.33333333
35,Bromus hordeaceus,6,6.5,32.53968254
35,Bromus hordeaceus,7,8.0,25.52795031
35,Bromus hordeaceus,8,9.0,44.38818565
35,Bromus hordeaceus,9,8.5,33.33333333
35,Bromus hordeaceus,10,5.5,35.56485356
35,Convolvulus arvensis,1,12.0,25.53127355
35,Convolvulus arvensis,2,8.0,35.82216809
35,Convolvulus arvensis,3,9.0,33.50850077
35,Convolvulus arvensis,4,13.0,36.23981374
35,Convolvulus arvensis,5,11.5,30.68852459
35,Convolvulus arvensis,6,12.0,28.58798736
35,Convolvulus arvensis,7,9.0,24.03932082
35,Convolvulus arvensis,8,15.0,30.06706908
35,Convolvulus arvensis,9,15.0,23.57881137
35,Convolvulus arvensis,10,16.0,24.96656264
35,Crepis capillaris,1,15.0,53.82022472
35,Crepis capillaris,2,16.0,66.8359375
35,Crepis capillaris,3,17.0,50.03395586
35,Crepis capillaris,4,19.0,58.0075662
35,Crepis capillaris,5,14.6,55.19607843
35,Crepis capillaris,6,17.0,56.09848485
35,Crepis capillaris,7,16.5,47.75
35,Crepis capillaris,8,8.6,53.67213115
35,Crepis capillaris,9,10.0,48.08988764
35,Ornithopus compressus,1,15.0,35.49689441
35,Ornithopus compressus,2,12.0,40.92568449
35,Ornithopus compressus,3,10.0,37.84
35,Ornithopus compressus,4,8.0,34.08695652
35,Ornithopus compressus,5,10.0,38.47457627
35,Ornithopus compressus,6,11.0,46.57894737
35,Ornithopus compressus,7,9.0,33.62962963
35,Ornithopus compressus,8,8.0,45.5862069
35,Ornithopus compressus,9,8.0,41.31455399
35,Ornithopus compressus,10,7.0,34.11411411
35,Plantago lagopus,1,8.2,24.30920013
35,Plantago lagopus,2,9.5,26.63535143
35,Plantago lagopus,3,7.0,29.03641457
35,Plantago lagopus,4,10.0,33.81554307
35,Plantago lagopus,5,7.2,31.49182561
35,Plantago lagopus,6,5.8,35.4295837
35,Plantago lagopus,7,8.0,27.29885057
35,Plantago lagopus,8,6.0,30.02853067
35,Plantago lagopus,9,7.0,32.35876529
35,Plantago lagopus,10,7.8,32.50169722
35,Trifolium cherleri,1,9.5,33.77952756
35,Trifolium cherleri,2,5.5,33.40471092
35,Trifolium cherleri,3,8.4,34.35825106
35,Trifolium cherleri,4,5.7,33.08702791
35,Trifolium cherleri,5,4.7,32.99450549
35,Trifolium cherleri,6,6.4,31.06227106
35,Trifolium cherleri,7,5.0,28.6
35,Trifolium cherleri,8,6.4,35.4950495
35,Trifolium cherleri,9,4.6,30.07709251
35,Trifolium cherleri,10,4.7,27.05159705
35,Vulpia ciliata,1,8.2,27.83950617
35,Vulpia ciliata,2,5.5,16.69354839
35,Vulpia ciliata,3,11.0,31.74193548
35,Vulpia ciliata,4,9.0,18.09815951
35,Vulpia ciliata,5,12.0,23.87387387
35,Vulpia ciliata,6,10.0,17.29927007
35,Vulpia ciliata,7,10.0,21.0367893
35,Vulpia ciliata,8,13.0,23.29949239
35,Vulpia ciliata,9,11.0,29.46188341
35,Vulpia ciliata,10,9.0,22.58373206
36,Anthemis arvensis,1,22.0,20.32925682
36,Anthemis arvensis,2,21.0,30.1891253
36,Anthemis arvensis,3,19.0,29.58041958
36,Anthemis arvensis,4,20.0,29.82089552
36,Anthemis arvensis,5,20.0,37.16346154
36,Anthemis arvensis,6,22.0,30.5025641
36,Anthemis arvensis,7,21.0,29.13649025
36,Anthemis arvensis,8,35.0,21.77762833
36,Anthemis arvensis,9,24.0,33.70454545
36,Anthemis arvensis,10,20.0,31.45251397
36,Biserrula pelecinus,1,7.5,32.05784732
36,Biserrula pelecinus,2,8.0,33.91006843
36,Biserrula pelecinus,3,5.3,37.72919605
36,Biserrula pelecinus,4,4.5,35.4799514
36,Biserrula pelecinus,5,3.2,45.65693431
36,Biserrula pelecinus,6,4.0,41.45488029
36,Biserrula pelecinus,7,6.8,39.78021978
36,Biserrula pelecinus,8,4.9,34.51550388
36,Biserrula pelecinus,9,6.7,31.13057325
36,Biserrula pelecinus,10,5.5,41.38228942
36,Neatostema apulum,1,22.0,19.76430976
36,Neatostema apulum,2,15.0,20.0
36,Neatostema apulum,3,15.0,13.98601399
36,Neatostema apulum,4,16.0,16.6507177
36,Neatostema apulum,5,17.0,16.34615385
36,Neatostema apulum,6,13.0,27.79761905
36,Neatostema apulum,7,14.0,30.24154589
36,Neatostema apulum,8,12.0,27.68041237
36,Neatostema apulum,9,14.0,23.02788845
36,Neatostema apulum,10,11.0,29.36
36,Ornithopus compressus,1,15.0,28.74476987
36,Ornithopus compressus,2,11.0,36.74669868
36,Ornithopus compressus,3,9.0,46.07806691
36,Ornithopus compressus,4,12.0,33.73500261
36,Ornithopus compressus,5,9.0,32.48894504
36,Ornithopus compressus,6,11.0,33.11688312
36,Ornithopus compressus,7,8.0,29.90774908
36,Ornithopus compressus,8,15.0,32.40196078
36,Ornithopus compressus,9,21.0,33.79840849
36,Ornithopus compressus,10,9.5,28.88162672
36,Plantago lagopus,1,6.5,21.76691729
36,Plantago lagopus,2,8.4,26.34243837
36,Plantago lagopus,3,8.5,25.88516746
36,Plantago lagopus,4,11.0,30.93006489
36,Plantago lagopus,5,9.8,27.97337278
36,Plantago lagopus,6,8.3,32.96666667
36,Plantago lagopus,7,8.2,39.8603352
36,Plantago lagopus,8,8.4,35.55203046
36,Plantago lagopus,9,9.0,30.50526316
36,Plantago lagopus,10,12.0,31.4893617
36,Trifolium cherleri,1,13.0,20.98550725
36,Trifolium cherleri,2,15.0,24.66872111
36,Trifolium cherleri,3,15.0,31.85915493
36,Trifolium cherleri,4,15.0,22.72820513
36,Trifolium cherleri,5,13.0,29.58815959
36,Trifolium cherleri,7,9.0,29.69879518
36,Trifolium cherleri,8,11.0,31.52272727
36,Trifolium cherleri,9,9.5,31.66184971
36,Trifolium cherleri,10,10.0,30.43771044
37,Anthemis arvensis,1,25.0,21.96616103
37,Anthemis arvensis,2,34.0,25.24237881
37,Anthemis arvensis,3,25.0,27.62904637
37,Anthemis arvensis,4,21.0,26.60311958
37,Anthemis arvensis,5,19.0,25.34918276
37,Anthemis arvensis,6,24.0,32.01540436
37,Anthemis arvensis,7,17.0,30.28169014
37,Anthemis arvensis,8,22.0,28.58208955
37,Anthemis arvensis,9,27.0,21.87817259
37,Anthemis arvensis,10,23.0,26.03648425
37,Bromus hordeaceus,1,17.0,37.9245283
37,Bromus hordeaceus,2,12.0,39.2233
37,Bromus hordeaceus,3,13.0,35.13661
37,Bromus hordeaceus,4,14.0,32.89575
37,Bromus hordeaceus,5,18.0,27.15025907
37,Bromus hordeaceus,6,13.0,26.18181818
37,Bromus hordeaceus,7,21.0,24.9354
37,Bromus hordeaceus,8,18.0,28.58612
37,Bromus hordeaceus,9,22.0,33.03867403
37,Bromus hordeaceus,10,21.0,28.31606
37,Echium plantagineum,1,33.0,20.62730627
37,Echium plantagineum,2,50.0,23.76467519
37,Echium plantagineum,3,28.0,28.86792453
37,Echium plantagineum,4,42.0,23.44748858
37,Echium plantagineum,5,27.0,30.4524181
37,Echium plantagineum,6,41.0,28.09404911
37,Echium plantagineum,7,32.0,23.86683739
37,Echium plantagineum,8,52.0,22.48420102
37,Echium plantagineum,9,38.0,26.73655063
37,Echium plantagineum,10,27.0,37.30690362
37,Medicago sativa,1,12.0,19.22628305
37,Medicago sativa,2,21.0,20.39413845
37,Medicago sativa,3,22.0,19.99330208
37,Medicago sativa,4,19.0,23.76146789
37,Medicago sativa,5,20.0,20.16989146
37,Medicago sativa,6,16.0,28.7755102
37,Medicago sativa,7,18.0,21.86719264
37,Medicago sativa,8,13.0,25.92391304
37,Medicago sativa,9,17.0,22.18262806
37,Medicago sativa,10,20.0,19.66890843
37,Plantago lagopus,1,15.0,23.52285521
37,Plantago lagopus,2,13.0,28.6201232
37,Plantago lagopus,3,10.0,34.9261745
37,Plantago lagopus,4,19.0,29.36635819
37,Plantago lagopus,5,10.0,29.38606848
37,Plantago lagopus,6,9.0,26.64090369
37,Plantago lagopus,7,12.0,40.14397906
37,Plantago lagopus,8,15.0,36.8003663
37,Plantago lagopus,9,15.0,27.61789112
37,Plantago lagopus,10,17.0,23.94718485
38,Echium plantagineum,1,41.0,21.20995877
38,Echium plantagineum,2,26.0,22.32933579
38,Echium plantagineum,3,29.0,30.69373942
38,Echium plantagineum,4,20.0,25.7682359
38,Echium plantagineum,5,35.0,23.04065999
38,Echium plantagineum,6,32.0,32.49265786
38,Echium plantagineum,7,33.0,29.89916703
38,Echium plantagineum,8,34.0,21.17811279
38,Echium plantagineum,9,29.0,28.06532663
38,Echium plantagineum,10,28.0,17.84034212
38,Eryngium campestre,1,24.0,12.58092222
38,Eryngium campestre,2,18.0,12.68903368
38,Eryngium campestre,3,22.0,7.265109954
38,Eryngium campestre,4,32.0,8.483022221
38,Eryngium campestre,5,28.0,9.983854346
38,Eryngium campestre,6,32.0,7.553215216
38,Eryngium campestre,7,30.0,8.375142469
38,Eryngium campestre,8,34.0,6.850073747
38,Eryngium campestre,9,25.0,7.715601766
38,Eryngium campestre,10,28.0,8.812151882
38,Lolium rigidum,1,21.0,21.64893617
38,Lolium rigidum,2,22.0,23.08214528
38,Lolium rigidum,3,28.0,19.35483871
38,Lolium rigidum,4,17.0,22.43027888
38,Lolium rigidum,5,16.0,22.87316048
38,Lolium rigidum,6,15.0,31.09972041
38,Lolium rigidum,7,16.0,25.20504732
38,Lolium rigidum,8,13.0,25.13677812
38,Lolium rigidum,10,12.0,20.72273325
39,Anthemis arvensis,1,30.0,20.19767442
39,Anthemis arvensis,2,16.0,28.07153966
39,Anthemis arvensis,3,17.0,26.98209719
39,Anthemis arvensis,4,9.0,35.03937008
39,Anthemis arvensis,5,17.0,34.15204678
39,Anthemis arvensis,6,12.0,32.38095238
39,Anthemis arvensis,7,12.0,30.82524272
39,Anthemis arvensis,8,18.0,35.22691706
39,Anthemis arvensis,9,20.0,26.29717918
39,Anthemis arvensis,10,11.0,29.25510204
39,Carthamus sp,1,30.0,18.78198351
39,Carthamus sp,2,39.0,20.58664037
39,Carthamus sp,3,26.0,27.1300813
39,Carthamus sp,4,24.0,22.68456376
39,Carthamus sp,5,20.0,21.18726592
39,Carthamus sp,6,26.0,22.23030744
39,Carthamus sp,7,25.0,21.01324503
39,Carthamus sp,8,45.0,18.7035809
39,Carthamus sp,9,27.0,20.89961602
39,Carthamus sp,10,15.0,30.49936306
39,Echium plantagineum,1,35.0,24.52665941
39,Echium plantagineum,2,29.0,23.86944554
39,Echium plantagineum,3,40.0,20.34412266
39,Echium plantagineum,4,28.0,27.03383551
39,Echium plantagineum,5,29.0,22.7845383
39,Echium plantagineum,6,32.0,26.21621622
39,Echium plantagineum,7,36.0,18.94
39,Echium plantagineum,8,31.0,26.01636249
39,Echium plantagineum,9,28.0,30.12284069
39,Echium plantagineum,10,23.0,25.97689076
39,Foeniculum vulgare,1,18.0,22.0661157
39,Foeniculum vulgare,2,21.0,19.54987212
39,Foeniculum vulgare,3,18.0,18.41822298
39,Foeniculum vulgare,4,15.0,21.13802559
39,Foeniculum vulgare,5,15.0,22.93924955
39,Foeniculum vulgare,6,15.0,19.07955865
39,Foeniculum vulgare,7,17.0,18.42161299
39,Foeniculum vulgare,8,13.0,21.64965986
39,Foeniculum vulgare,9,13.0,28.96853147
39,Foeniculum vulgare,10,11.0,20.90949033
39,Hordeum murinum,1,20.0,27.65598651
39,Hordeum murinum,2,20.0,43.41853035
39,Hordeum murinum,3,18.0,39.38053097
39,Hordeum murinum,4,11.0,38.33333333
39,Hordeum murinum,5,24.0,45.35410765
39,Hordeum murinum,6,12.0,32.4704142
39,Hordeum murinum,7,16.0,26.25298329
39,Hordeum murinum,8,13.0,32.1875
39,Hordeum murinum,9,15.0,31.8875502
39,Hordeum murinum,10,13.0,33.51515152
39,Lolium rigidum,1,20.0,40.31161473
39,Lolium rigidum,2,18.0,12.5135722
39,Lolium rigidum,3,22.0,26.40849897
39,Lolium rigidum,4,17.0,31.37269939
39,Lolium rigidum,5,19.0,27.83157895
39,Lolium rigidum,6,20.0,26.32653061
39,Lolium rigidum,7,15.0,25.6022409
39,Lolium rigidum,8,20.0,34.04446178
39,Lolium rigidum,9,14.0,28.82352941
39,Lolium rigidum,10,24.0,32.71186441
39,Plantago lagopus,1,19.0,27.45084368
39,Plantago lagopus,2,13.0,34.11588181
39,Plantago lagopus,3,11.0,32.16788068
39,Plantago lagopus,4,9.0,31.38974888
39,Plantago lagopus,5,10.0,32.1744325
39,Plantago lagopus,6,17.0,25.41333333
39,Plantago lagopus,7,20.0,32.30805631
39,Plantago lagopus,8,8.0,30.80384942
39,Plantago lagopus,9,12.0,34.26663369
39,Plantago lagopus,10,16.0,30.59353179
40,Anthemis arvensis,1,10.5,29.45736434
40,Anthemis arvensis,2,8.3,24.9287169
40,Anthemis arvensis,3,12.1,34.51851852
40,Anthemis arvensis,4,14.0,24.76351351
40,Anthemis arvensis,5,10.0,23.24723247
40,Anthemis arvensis,6,18.8,17.84975086
40,Anthemis arvensis,7,16.4,21.33084577
40,Anthemis arvensis,8,18.1,27.46588694
40,Anthemis arvensis,9,16.0,27.34708393
40,Anthemis arvensis,10,8.5,20.60402685
40,Bellardia trixago,1,17.0,23.79672897
40,Bellardia trixago,2,17.3,28.64864865
40,Bellardia trixago,3,25.3,26.54889071
40,Bellardia trixago,4,16.5,25.41950113
40,Bellardia trixago,5,23.6,22.99004975
40,Bellardia trixago,6,19.0,26.50259067
40,Bellardia trixago,7,23.0,24.81656805
40,Bellardia trixago,8,41.5,20.43715847
40,Bellardia trixago,9,34.0,28.56547123
40,Bellardia trixago,10,31.5,21.85754986
40,Biserrula pelecinus,1,8.0,45.05300353
40,Biserrula pelecinus,2,8.8,28.63507109
40,Biserrula pelecinus,3,12.5,30.7424072
40,Biserrula pelecinus,4,9.2,36.68430335
40,Biserrula pelecinus,5,14.3,36.28200079
40,Biserrula pelecinus,6,8.0,27.31778426
40,Biserrula pelecinus,7,9.5,25.10980966
40,Biserrula pelecinus,8,6.2,33.14987299
40,Biserrula pelecinus,9,6.3,42.41830065
40,Biserrula pelecinus,10,16.4,36.121673
40,Echium plantagineum,1,18.6,19.39090909
40,Echium plantagineum,2,33.0,21.55161495
40,Echium plantagineum,3,32.0,22.51113811
40,Echium plantagineum,4,30.0,20.26634383
40,Echium plantagineum,5,25.5,21.52542373
40,Echium plantagineum,6,29.2,22.44909831
40,Echium plantagineum,7,31.5,22.953149
40,Echium plantagineum,8,34.0,23.73515439
40,Echium plantagineum,9,39.0,21.17907148
40,Echium plantagineum,10,15.7,23.82428941
40,Hordeum murinum,1,15.0,13.95209581
40,Hordeum murinum,2,21.0,23.14426634
40,Hordeum murinum,3,16.2,36.47260274
40,Hordeum murinum,4,13.8,27.59259259
40,Hordeum murinum,5,18.9,19.95485327
40,Hordeum murinum,6,20.4,20.2739726
40,Hordeum murinum,7,15.4,23.77224199
40,Hordeum murinum,8,20.7,40.56603774
40,Hordeum murinum,9,20.0,28.61788618
40,Hordeum murinum,10,15.3,31.58038147
40,Plantago lagopus,1,9.5,28.99692652
40,Plantago lagopus,2,9.4,24.80458572
40,Plantago lagopus,3,10.4,29.7944339
40,Plantago lagopus,4,8.0,29.66733871
40,Plantago lagopus,5,9.0,26.19614512
40,Plantago lagopus,6,9.5,29.34183464
40,Plantago lagopus,7,8.0,26.95896757
40,Plantago lagopus,8,7.5,26.81441591
40,Plantago lagopus,9,8.2,25.38064907
40,Plantago lagopus,10,10.0,28.76022495
40,Trifolium cherleri,1,12.0,25.19327731
40,Trifolium cherleri,2,8.2,27.47645951
40,Trifolium cherleri,3,9.7,28.45916795
40,Trifolium cherleri,4,10.0,29.02654867
40,Trifolium cherleri,5,8.1,20.81081081
40,Trifolium cherleri,6,11.8,26.61522634
40,Trifolium cherleri,7,7.0,28.56115108
40,Trifolium cherleri,8,8.7,29.74874372
40,Trifolium cherleri,9,8.0,26.88971499
40,Trifolium cherleri,10,7.8,26.56641604
